symbols,security,GICS_sector,GICS_sub_industry,headquarters_location,date_added,founded,open,high,low,close,volumes,dividends,stock_splits
MMM,3M,Industrials,Industrial Conglomerates,"Saint Paul, Minnesota",1976-08-09,1902,174.85000610351562,176.60000610351562,174.25,174.72000122070312,2327500.0,0.0,0.0
ABT,Abbott Laboratories,Health Care,Health Care Equipment,"North Chicago, Illinois",1964-03-31,1888,135.92999267578125,136.0,132.0,132.94000244140625,8192600.0,0.0,0.0
ABBV,AbbVie,Health Care,Pharmaceuticals,"North Chicago, Illinois",2012-12-31,2013 (1888),125.69999694824219,127.8499984741211,125.37999725341797,127.29000091552734,6380200.0,0.0,0.0
ABMD,Abiomed,Health Care,Health Care Equipment,"Danvers, Massachusetts",2018-05-31,1981,310.0,313.9800109863281,306.6000061035156,311.2699890136719,216700.0,0.0,0.0
ACN,Accenture,Information Technology,IT Consulting & Other Services,"Dublin, Ireland",2011-07-06,1989,374.3800048828125,375.7799987792969,366.510009765625,369.7300109863281,2475200.0,0.0,0.0
ATVI,Activision Blizzard,Communication Services,Interactive Home Entertainment,"Santa Monica, California",2015-08-31,2008,58.15999984741211,59.880001068115234,58.150001525878906,59.52000045776367,8791200.0,0.0,0.0
ADBE,Adobe,Information Technology,Application Software,"San Jose, California",1997-05-05,1982,635.3599853515625,636.0,599.0999755859375,614.8599853515625,5931100.0,0.0,0.0
AMD,Advanced Micro Devices,Information Technology,Semiconductors,"Santa Clara, California",,1969,131.6699981689453,137.24000549316406,130.60000610351562,135.60000610351562,50691000.0,0.0,0.0
AAP,Advance Auto Parts,Consumer Discretionary,Automotive Retail,"Raleigh, North Carolina",2015-07-09,1932,234.1699981689453,236.30999755859375,233.14999389648438,235.38999938964844,791600.0,0.0,0.0
AES,AES Corp,Utilities,Independent Power Producers & Energy Traders,"Arlington, Virginia",1998-10-02,1981,23.799999237060547,24.040000915527344,23.510000228881836,23.610000610351562,5302500.0,0.0,0.0
AFL,Aflac,Financials,Life & Health Insurance,"Columbus, Georgia",1999-05-28,1955,56.13999938964844,57.560001373291016,56.0099983215332,57.15999984741211,4002400.0,0.0,0.0
A,Agilent Technologies,Health Care,Health Care Equipment,"Santa Clara, California",2000-06-05,1999,154.88999938964844,155.74000549316406,150.10000610351562,151.8800048828125,1869100.0,0.0,0.0
APD,Air Products & Chemicals,Materials,Industrial Gases,"Allentown, Pennsylvania",1985-04-30,1940,297.92999267578125,299.4599914550781,295.9200134277344,298.20001220703125,808500.0,0.0,0.0
AKAM,Akamai Technologies,Information Technology,Internet Services & Infrastructure,"Cambridge, Massachusetts",2007-07-12,1998,112.66000366210938,115.06999969482422,112.20999908447266,114.23999786376953,1566800.0,0.0,0.0
ALK,Alaska Air Group,Industrials,Airlines,"Seattle, Washington",2016-05-13,1985,50.20000076293945,51.689998626708984,50.0099983215332,50.13999938964844,1555000.0,0.0,0.0
ALB,Albemarle Corporation,Materials,Specialty Chemicals,"Charlotte, North Carolina",2016-07-01,1994,245.94000244140625,247.64999389648438,239.7100067138672,243.8300018310547,1207700.0,0.0,0.0
ARE,Alexandria Real Estate Equities,Real Estate,Office REITs,"Pasadena, California",2017-03-20,1994,214.07000732421875,214.07000732421875,209.3000030517578,211.99000549316406,643100.0,0.0,0.0
ALGN,Align Technology,Health Care,Health Care Supplies,"San Jose, California",2017-06-19,1997,620.2000122070312,631.8200073242188,598.9199829101562,605.72998046875,668800.0,0.0,0.0
ALLE,Allegion,Industrials,Building Products,"New York City, New York",2013-12-02,1908,129.80999755859375,131.30999755859375,128.75,129.6300048828125,440300.0,0.0,0.0
LNT,Alliant Energy,Utilities,Electric Utilities,"Madison, Wisconsin",2016-07-01,1917,59.5099983215332,60.0099983215332,59.279998779296875,59.540000915527344,1224100.0,0.0,0.0
ALL,Allstate Corp,Financials,Property & Casualty Insurance,"Northfield Township, Illinois",1995-07-13,1931,108.4800033569336,111.52999877929688,108.05000305175781,110.70999908447266,2208900.0,0.0,0.0
GOOGL,Alphabet (Class A),Communication Services,Interactive Media & Services,"Mountain View, California",2014-04-03,1998,2879.360107421875,2889.60009765625,2824.300048828125,2878.139892578125,1921300.0,0.0,0.0
GOOG,Alphabet (Class C),Communication Services,Interactive Media & Services,"Mountain View, California",2006-04-03,1998,2895.39990234375,2908.840087890625,2844.85009765625,2899.409912109375,1238200.0,0.0,0.0
MO,Altria Group,Consumer Staples,Tobacco,"Richmond, Virginia",1957-03-04,1985,45.2599983215332,45.75,45.130001068115234,45.400001525878906,10748900.0,0.0,0.0
AMZN,Amazon,Consumer Discretionary,Internet & Direct Marketing Retail,"Seattle, Washington",2005-11-18,1994,3351.0,3389.97998046875,3328.800048828125,3381.830078125,2792100.0,0.0,0.0
AMCR,Amcor,Materials,Paper Packaging,"Warmley, Bristol, United Kingdom",2019-06-07,2019 (1860),11.710000038146973,11.859999656677246,11.649999618530273,11.670000076293945,6739200.0,0.0,0.0
AEE,Ameren Corp,Utilities,Multi-Utilities,"St. Louis, Missouri",1991-09-19,1902,88.1500015258789,88.33999633789062,87.11000061035156,87.19000244140625,1521300.0,0.0,0.0
AAL,American Airlines Group,Industrials,Airlines,"Fort Worth, Texas",2015-03-23,1934,16.81999969482422,17.469999313354492,16.809999465942383,16.90999984741211,30089600.0,0.0,0.0
AEP,American Electric Power,Utilities,Electric Utilities,"Columbus, Ohio",1957-03-04,1906,85.23999786376953,85.55000305175781,84.58999633789062,85.12999725341797,2285700.0,0.0,0.0
AXP,American Express,Financials,Consumer Finance,"New York City, New York",1976-06-30,1850,162.13999938964844,165.25999450683594,161.05999755859375,162.85000610351562,2962400.0,0.0,0.0
AIG,American International Group,Financials,Property & Casualty Insurance,"New York City, New York",1980-03-31,1919,53.75,55.09000015258789,53.650001525878906,54.65999984741211,5065200.0,0.0,0.0
AMT,American Tower,Real Estate,Specialized REITs,"Boston, Massachusetts",2007-11-19,1995,274.4700012207031,278.1000061035156,271.010009765625,273.4100036621094,2224800.0,0.0,0.0
AWK,American Water Works,Utilities,Water Utilities,"Camden, New Jersey",2016-03-04,1886,180.74000549316406,181.22000122070312,178.08999633789062,179.3000030517578,632400.0,0.0,0.0
AMP,Ameriprise Financial,Financials,Asset Management & Custody Banks,"Minneapolis, Minnesota",2005-10-03,1894,292.010009765625,296.1300048828125,291.20001220703125,292.239990234375,840400.0,0.0,0.0
ABC,AmerisourceBergen,Health Care,Health Care Distributors,"Chesterbrook, Pennsylvania",2001-08-30,1985,122.2300033569336,125.1500015258789,122.2300033569336,123.30000305175781,999300.0,0.0,0.0
AME,Ametek,Industrials,Electrical Components & Equipment,"Berwyn, Pennsylvania",2013-09-23,1930,143.22000122070312,143.6999969482422,140.47000122070312,141.13999938964844,1022400.0,0.0,0.0
AMGN,Amgen,Health Care,Biotechnology,"Thousand Oaks, California",1992-01-02,1980,211.32000732421875,214.80999755859375,210.22999572753906,213.74000549316406,2602300.0,0.0,0.0
APH,Amphenol,Information Technology,Electronic Components,"Wallingford, Connecticut",2008-09-30,1932,83.2699966430664,83.4000015258789,81.8499984741211,82.47000122070312,1482400.0,0.0,0.0
ADI,Analog Devices,Information Technology,Semiconductors,"Wilmington, Massachusetts",1999-10-12,1965,176.9499969482422,178.24000549316406,173.58999633789062,176.27999877929688,3770900.0,0.0,0.0
ANSS,Ansys,Information Technology,Application Software,"Canonsburg, Pennsylvania",2017-06-19,1969,398.760009765625,402.260009765625,387.9599914550781,394.1499938964844,355300.0,0.0,0.0
ANTM,Anthem,Health Care,Managed Health Care,"Indianapolis, Indiana",2002-07-25,2014 (1946),432.3399963378906,438.94000244140625,428.3599853515625,433.94000244140625,938700.0,0.0,0.0
AON,Aon,Financials,Insurance Brokers,"London, UK",1996-04-23,1982 (1919),292.4599914550781,296.29998779296875,290.75,294.1499938964844,1298200.0,0.0,0.0
AOS,A. O. Smith,Industrials,Building Products,"Milwaukee, Wisconsin",2017-07-26,1916,83.29000091552734,83.88999938964844,81.36000061035156,81.9800033569336,1106100.0,0.0,0.0
APA,APA Corporation,Energy,Oil & Gas Exploration & Production,"Houston, Texas",1997-07-28,1954,24.790000915527344,25.709999084472656,24.649999618530273,24.950000762939453,7071300.0,0.0,0.0
AAPL,Apple,Information Technology,"Technology Hardware, Storage & Peripherals","Cupertino, California",1982-11-30,1977,175.25,177.74000549316406,172.2100067138672,174.3300018310547,139285700.0,0.0,0.0
AMAT,Applied Materials,Information Technology,Semiconductor Equipment,"Santa Clara, California",1995-03-16,1967,144.97999572753906,148.1999969482422,144.52999877929688,147.72999572753906,5689000.0,0.0,0.0
APTV,Aptiv,Consumer Discretionary,Auto Parts & Equipment,"Dublin, Ireland",2012-12-24,1994,162.02999877929688,163.61000061035156,157.7100067138672,160.82000732421875,1713200.0,0.0,0.0
ADM,ADM,Consumer Staples,Agricultural Products,"Chicago, Illinois",1981-07-29,1902,64.66000366210938,65.70999908447266,64.5,64.8499984741211,2269000.0,0.0,0.0
ANET,Arista Networks,Information Technology,Communications Equipment,"Santa Clara, California",2018-08-28,2004,130.49000549316406,132.0,129.63999938964844,131.1199951171875,2302700.0,0.0,0.0
AJG,Arthur J. Gallagher & Co.,Financials,Insurance Brokers,"Rolling Meadows, Illinois",2016-05-31,1927,168.5399932861328,168.5399932861328,162.75,166.6199951171875,1314600.0,0.0,0.0
AIZ,Assurant,Financials,Multi-line Insurance,"New York City, New York",2007-04-10,1892,153.99000549316406,156.39999389648438,152.97000122070312,153.50999450683594,313600.0,0.0,0.0
T,AT&T,Communication Services,Integrated Telecommunication Services,"Dallas, Texas",1983-11-30 (1957-03-04),1983 (1885),22.389999389648438,22.729999542236328,22.25,22.290000915527344,77219600.0,0.0,0.0
ATO,Atmos Energy,Utilities,Gas Utilities,"Dallas, Texas",2019-02-15,1906,97.37999725341797,98.3499984741211,96.86000061035156,97.13999938964844,1443100.0,0.0,0.0
ADSK,Autodesk,Information Technology,Application Software,"San Rafael, California",1989-12-01,1982,262.8399963378906,268.7900085449219,260.95001220703125,263.2200012207031,1145600.0,0.0,0.0
ADP,Automatic Data Processing,Information Technology,Data Processing & Outsourced Services,"Roseland, New Jersey",1981-03-31,1949,233.85000610351562,234.6999969482422,227.67999267578125,229.72000122070312,1501300.0,0.0,0.0
AZO,AutoZone,Consumer Discretionary,Specialty Stores,"Memphis, Tennessee",1997-01-02,1979,1982.97998046875,2011.2099609375,1971.0799560546875,1999.5400390625,158200.0,0.0,0.0
AVB,AvalonBay Communities,Real Estate,Residential REITs,"Arlington, Virginia[3]",2007-01-10,1978,247.9199981689453,248.4199981689453,242.36000061035156,244.24000549316406,700400.0,0.0,0.0
AVY,Avery Dennison,Materials,Paper Packaging,"Glendale, California",1987-12-31,1990,210.08999633789062,212.4499969482422,207.9499969482422,208.32000732421875,453400.0,0.0,0.0
BKR,Baker Hughes,Energy,Oil & Gas Equipment & Services,"Houston, Texas",2017-07-07,2017,24.399999618530273,24.729999542236328,24.0,24.079999923706055,8449600.0,0.0,0.0
BLL,Ball Corp,Materials,Metal & Glass Containers,"Broomfield, Colorado",1984-10-31,1880,93.88999938964844,94.05999755859375,92.30000305175781,92.31999969482422,1588200.0,0.0,0.0
BAC,Bank of America,Financials,Diversified Banks,"Charlotte, North Carolina",1976-06-30,1998 (1923 / 1874),43.59000015258789,44.81999969482422,43.529998779296875,44.130001068115234,47062600.0,0.0,0.0
BBWI,Bath & Body Works,Consumer Discretionary,Specialty Stores,"Columbus, Ohio",1983-09-30,1963,72.7699966430664,74.11000061035156,72.5,73.44999694824219,1891700.0,0.0,0.0
BAX,Baxter International,Health Care,Health Care Equipment,"Deerfield, Illinois",1972-09-30,1931,83.2300033569336,83.76000213623047,82.30999755859375,82.51000213623047,2662700.0,0.0,0.0
BDX,Becton Dickinson,Health Care,Health Care Equipment,"Franklin Lakes, New Jersey",1972-09-30,1897,252.05999755859375,252.32000732421875,247.69000244140625,247.94000244140625,1197000.0,0.0,0.0
BRK.B,Berkshire Hathaway,Financials,Multi-Sector Holdings,"Omaha, Nebraska",2010-02-16,1839,0.0,0.0,0.0,0.0,0.0,0.0,0.0
BBY,Best Buy,Consumer Discretionary,Computer & Electronics Retail,"Richfield, Minnesota",1999-06-29,1966,99.23999786376953,102.94999694824219,98.97000122070312,101.37000274658203,3923500.0,0.0,0.0
BIO,Bio-Rad Laboratories,Health Care,Life Sciences Tools & Services,"Hercules, California",2020-06-22,1952,744.760009765625,746.3099975585938,714.969970703125,723.9299926757812,221400.0,0.0,0.0
TECH,Bio-Techne,Health Care,Life Sciences Tools & Services,"Minneapolis, Minnesota",2021-08-30,1976,465.989990234375,466.4200134277344,455.8599853515625,462.8800048828125,173200.0,0.0,0.0
BIIB,Biogen,Health Care,Biotechnology,"Cambridge, Massachusetts",2003-11-13,1978,233.92999267578125,236.6300048828125,230.1699981689453,230.75999450683594,1232500.0,0.0,0.0
BLK,BlackRock,Financials,Asset Management & Custody Banks,"New York City, New York",2011-04-04,1988,910.0,915.4600219726562,893.0399780273438,902.3800048828125,828900.0,0.0,0.0
BK,BNY Mellon,Financials,Asset Management & Custody Banks,"New York City, New York",1995-03-31,1784,56.18000030517578,57.43000030517578,56.13999938964844,56.779998779296875,3663400.0,0.0,0.0
BA,Boeing,Industrials,Aerospace & Defense,"Chicago, Illinois",1957-03-04,1916,195.60000610351562,200.5,195.17999267578125,195.5,8430400.0,0.0,0.0
BKNG,Booking Holdings,Consumer Discretionary,Internet & Direct Marketing Retail,"Norwalk, Connecticut",2009-11-06,1996,2120.0,2165.2099609375,2111.27001953125,2124.929931640625,392400.0,0.0,0.0
BWA,BorgWarner,Consumer Discretionary,Auto Parts & Equipment,"Auburn Hills, Michigan",2011-12-19,1880,44.5,45.220001220703125,44.47999954223633,44.599998474121094,1518400.0,0.0,0.0
BXP,Boston Properties,Real Estate,Office REITs,"Boston, Massachusetts",2006-04-03,1970,113.0,115.0199966430664,113.0,114.27999877929688,824400.0,0.0,0.0
BSX,Boston Scientific,Health Care,Health Care Equipment,"Marlborough, Massachusetts[4]",1995-02-24,1979,41.290000915527344,41.4900016784668,40.70000076293945,40.849998474121094,6571200.0,0.0,0.0
BMY,Bristol Myers Squibb,Health Care,Health Care Distributors,"New York City, New York",1957-03-04,1989,58.79999923706055,60.43000030517578,58.599998474121094,59.5099983215332,21214800.0,0.0,0.0
AVGO,Broadcom,Information Technology,Semiconductors,"San Jose, California",2014-05-08,1961,617.8400268554688,618.6199951171875,605.6400146484375,614.9099731445312,3595300.0,0.0,0.0
BR,Broadridge Financial Solutions,Information Technology,Data Processing & Outsourced Services,"Lake Success, New York",2018-06-18,1962,177.97000122070312,179.5,176.10000610351562,177.47999572753906,545200.0,0.0,0.0
BRO,Brown & Brown,Financials,Insurance Brokers,"Daytona Beach, Florida",2021-09-20,1939,66.86000061035156,67.23999786376953,65.86000061035156,66.95999908447266,1155900.0,0.0,0.0
BF.B,Brown–Forman,Consumer Staples,Distillers & Vintners,"Louisville, Kentucky",1982-10-31,1870,0.0,0.0,0.0,0.0,0.0,0.0,0.0
CHRW,C. H. Robinson,Industrials,Air Freight & Logistics,"Eden Prairie, Minnesota",2007-03-02,1905,104.30999755859375,105.69999694824219,103.31999969482422,103.62999725341797,1179600.0,0.0,0.0
CDNS,Cadence Design Systems,Information Technology,Application Software,"San Jose, California",2017-09-18,1988,178.22999572753906,178.8000030517578,170.5500030517578,176.05999755859375,2500900.0,0.0,0.0
CZR,Caesars Entertainment,Consumer Discretionary,Casinos & Gaming,"Reno, Nevada",2021-03-22,1973,83.87999725341797,87.05000305175781,83.6500015258789,86.16000366210938,1761900.0,0.0,0.0
CPB,Campbell Soup,Consumer Staples,Packaged Foods & Meats,"Camden, New Jersey",1957-03-04,1869,43.709999084472656,44.099998474121094,42.97999954223633,43.06999969482422,4116200.0,0.0,0.0
COF,Capital One,Financials,Consumer Finance,"Tysons Corner, Virginia",1998-07-01,1994,146.6199951171875,149.52999877929688,145.50999450683594,147.9199981689453,2213300.0,0.0,0.0
CAH,Cardinal Health,Health Care,Health Care Distributors,"Dublin, Ohio",1997-05-27,1971,48.369998931884766,49.470001220703125,48.34000015258789,48.93000030517578,3750500.0,0.0,0.0
KMX,CarMax,Consumer Discretionary,Specialty Stores,"Richmond, Virginia",2010-06-28,1993,141.08999633789062,144.91000366210938,140.22000122070312,141.30999755859375,814300.0,0.0,0.0
CCL,Carnival Corporation,Consumer Discretionary,"Hotels, Resorts & Cruise Lines","Miami, Florida",1998-12-22,1972,18.020000457763672,18.84000015258789,18.010000228881836,18.149999618530273,38194600.0,0.0,0.0
CARR,Carrier Global,Industrials,Building Products,"Palm Beach Gardens, Florida",2020-04-03,2020 (1915),54.15999984741211,54.779998779296875,52.902000427246094,53.54999923706055,3663500.0,0.0,0.0
CTLT,Catalent,Health Care,Pharmaceuticals,"Somerset, New Jersey",2020-09-21,2007,123.22000122070312,123.76000213623047,120.5,122.37999725341797,721200.0,0.0,0.0
CAT,Caterpillar,Industrials,Construction Machinery & Heavy Trucks,"Deerfield, Illinois",1957-03-04,1925,200.0,203.97999572753906,199.8000030517578,201.63999938964844,2247600.0,0.0,0.0
CBOE,Cboe Global Markets,Financials,Financial Exchanges & Data,"Chicago, Illinois",2017-03-01,1973,129.9199981689453,130.85000610351562,128.42999267578125,128.42999267578125,524900.0,0.0,0.0
CBRE,CBRE,Real Estate,Real Estate Services,"Dallas, Texas",2006-11-10,1906,103.29000091552734,104.44000244140625,102.23999786376953,102.8499984741211,1582700.0,0.0,0.0
CDW,CDW,Information Technology,Technology Distributors,"Lincolnshire, Illinois",2019-09-23,1984,191.27000427246094,192.5800018310547,187.5,189.69000244140625,864100.0,0.0,0.0
CE,Celanese,Materials,Specialty Chemicals,"Irving, Texas",2018-12-24,1918,157.5399932861328,161.6199951171875,156.7899932861328,159.58999633789062,793700.0,0.0,0.0
CNC,Centene,Health Care,Managed Health Care,"St. Louis, Missouri",2016-03-30,1984,78.80000305175781,82.22000122070312,78.80000305175781,81.8499984741211,10930300.0,0.0,0.0
CNP,CenterPoint Energy,Utilities,Multi-Utilities,"Houston, Texas",1985-07-31,1882,27.969999313354492,28.1299991607666,27.68000030517578,27.81999969482422,5183600.0,0.0,0.0
CDAY,Ceridian,Information Technology,Application Software,"Minneapolis, Minnesota",2021-09-20,1992,101.41999816894531,103.16999816894531,100.72000122070312,102.55999755859375,942100.0,0.0,0.0
CERN,Cerner,Health Care,Health Care Technology,"North Kansas City, Missouri",2010-04-30,1979,76.5199966430664,77.55000305175781,76.29000091552734,77.26000213623047,4328700.0,0.0,0.0
CF,CF Industries,Materials,Fertilizers & Agricultural Chemicals,"Deerfield, Illinois",2008-08-27,1946,60.91999816894531,62.70000076293945,60.63999938964844,62.2400016784668,3464700.0,0.0,0.0
CRL,Charles River Laboratories,Health Care,Life Sciences Tools & Services,"Wilmington, Massachusetts",2021-05-14,1947,357.2200012207031,358.1099853515625,347.739990234375,353.55999755859375,402100.0,0.0,0.0
SCHW,Charles Schwab,Financials,Investment Banking & Brokerage,"Westlake, Texas",1997-06-02,1971,79.26000213623047,81.2699966430664,79.02999877929688,80.79000091552734,6068800.0,0.0,0.0
CHTR,Charter Communications,Communication Services,Cable & Satellite,"Stamford, Connecticut",2016-09-08,1993,600.0,629.9299926757812,599.3400268554688,621.8900146484375,1640600.0,0.0,0.0
CVX,Chevron,Energy,Integrated Oil & Gas,"San Ramon, California",1957-03-04,1879,115.73999786376953,116.91999816894531,115.47000122070312,116.22000122070312,12240100.0,0.0,0.0
CMG,Chipotle Mexican Grill,Consumer Discretionary,Restaurants,"Newport Beach, California",2011-04-28,1993,1676.5999755859375,1687.5,1655.9200439453125,1677.199951171875,159400.0,0.0,0.0
CB,Chubb,Financials,Property & Casualty Insurance,"Zurich, Switzerland",2010-07-15,1985,190.97000122070312,194.42999267578125,190.92999267578125,192.5399932861328,1952000.0,0.0,0.0
CHD,Church & Dwight,Consumer Staples,Household Products,"Ewing, New Jersey",2015-12-29,1847,97.87999725341797,98.20999908447266,97.08000183105469,97.91000366210938,1475300.0,0.0,0.0
CI,Cigna,Health Care,Managed Health Care,"Bloomfield, Connecticut",1976-06-30,1982,213.3800048828125,217.85000610351562,212.86000061035156,216.6199951171875,2605500.0,0.0,0.0
CINF,Cincinnati Financial,Financials,Property & Casualty Insurance,"Fairfield, Ohio",1997-12-18,1950,114.48999786376953,116.9000015258789,114.01000213623047,115.88999938964844,535400.0,0.0,0.0
CTAS,Cintas Corporation,Industrials,Diversified Support Services,"Mason, Ohio",2001-03-01,1929,453.1700134277344,460.8699951171875,441.6600036621094,448.5899963378906,510800.0,0.0,0.0
CSCO,Cisco Systems,Information Technology,Communications Equipment,"San Jose, California",1993-12-01,1984,58.34000015258789,58.529998779296875,57.369998931884766,57.77000045776367,19113700.0,0.0,0.0
C,Citigroup,Financials,Diversified Banks,"New York City, New York",1988-05-31,1998,60.45000076293945,61.31999969482422,60.380001068115234,60.63999938964844,19562200.0,0.0,0.0
CFG,Citizens Financial Group,Financials,Regional Banks,"Providence, Rhode Island",2016-01-29,1828,46.709999084472656,47.66999816894531,46.45000076293945,47.08000183105469,4937500.0,0.0,0.0
CTXS,Citrix Systems,Information Technology,Application Software,"Fort Lauderdale, Florida",1999-12-01,1989,82.7699966430664,83.5199966430664,81.66000366210938,83.13999938964844,2148700.0,0.0,0.0
CLX,Clorox,Consumer Staples,Household Products,"Oakland, California",1969-03-31,1913,173.0,173.9199981689453,171.16000366210938,172.6699981689453,1244700.0,0.0,0.0
CME,CME Group,Financials,Financial Exchanges & Data,"Chicago, Illinois",2006-08-11,1848,227.5399932861328,229.1699981689453,225.66000366210938,227.5500030517578,1648900.0,0.0,0.0
CMS,CMS Energy,Utilities,Multi-Utilities,"Jackson, Michigan",1999-05-03,1886,63.84000015258789,63.9900016784668,63.36000061035156,63.470001220703125,1413800.0,0.0,0.0
KO,Coca-Cola,Consumer Staples,Soft Drinks,"Atlanta, Georgia",1957-03-04,1886,57.400001525878906,58.16999816894531,57.400001525878906,57.79999923706055,24802200.0,0.0,0.0
CTSH,Cognizant Technology Solutions,Information Technology,IT Consulting & Other Services,"Teaneck, New Jersey",2006-11-17,1994,81.36000061035156,82.70999908447266,81.16999816894531,81.87999725341797,2490100.0,0.0,0.0
CL,Colgate-Palmolive,Consumer Staples,Household Products,"New York City, New York",1957-03-04,1806,81.19999694824219,82.33999633789062,81.06999969482422,82.12999725341797,7682500.0,0.0,0.0
CMCSA,Comcast,Communication Services,Cable & Satellite,"Philadelphia, Pennsylvania",2002-11-19,1963,46.290000915527344,49.0,46.290000915527344,48.7599983215332,34719400.0,0.0,0.0
CMA,Comerica,Financials,Diversified Banks,"Dallas, Texas",1995-12-01,1849,81.91999816894531,84.16999816894531,81.62999725341797,83.7300033569336,1811200.0,0.0,0.0
CAG,Conagra Brands,Consumer Staples,Packaged Foods & Meats,"Chicago, Illinois",1983-08-31,1919,32.52000045776367,32.83000183105469,32.43000030517578,32.5,4660500.0,0.0,0.0
COP,ConocoPhillips,Energy,Oil & Gas Exploration & Production,"Houston, Texas",1957-03-04,2002,70.55999755859375,71.73999786376953,70.02999877929688,70.68000030517578,6668700.0,0.0,0.0
ED,Consolidated Edison,Utilities,Electric Utilities,"New York City, New York",,1823,83.58999633789062,83.94000244140625,82.91000366210938,83.16999816894531,1532200.0,0.0,0.0
STZ,Constellation Brands,Consumer Staples,Distillers & Vintners,"Victor, New York",2005-07-01,1945,236.5399932861328,237.9499969482422,235.02000427246094,236.80999755859375,1044500.0,0.0,0.0
COO,The Cooper Companies,Health Care,Health Care Supplies,"San Ramon, California",2016-09-23,1958,392.9700012207031,403.55999755859375,391.2200012207031,392.3299865722656,428500.0,0.0,0.0
CPRT,Copart,Industrials,Diversified Support Services,"Dallas, Texas",2018-07-02,1982,144.63999938964844,147.83999633789062,144.02000427246094,147.0800018310547,1135000.0,0.0,0.0
GLW,Corning,Information Technology,Electronic Components,"Corning, New York",,1851,36.880001068115234,37.29999923706055,36.689998626708984,36.779998779296875,3407700.0,0.0,0.0
CTVA,Corteva,Materials,Fertilizers & Agricultural Chemicals,"Wilmington, Delaware",2019-06-03,2019,46.540000915527344,47.029998779296875,46.125,46.310001373291016,2425100.0,0.0,0.0
COST,Costco,Consumer Staples,Hypermarkets & Super Centers,"Issaquah, Washington",1993-10-01,1976,556.4600219726562,557.1699829101562,537.5700073242188,545.3400268554688,3490300.0,0.0,0.0
CTRA,Coterra,Energy,Oil & Gas Exploration & Production,"Houston, Texas",2008-06-23,2021 (1989),20.329999923706055,20.59000015258789,20.030000686645508,20.09000015258789,7638600.0,0.0,0.0
CCI,Crown Castle,Real Estate,Specialized REITs,"Houston, Texas",2012-03-14,1994,196.77000427246094,196.99000549316406,192.66000366210938,194.89999389648438,1629100.0,0.0,0.0
CSX,CSX,Industrials,Railroads,"Jacksonville, Florida",1967-09-30,1980,35.83000183105469,36.29999923706055,35.709999084472656,35.91999816894531,11096900.0,0.0,0.0
CMI,Cummins,Industrials,Industrial Machinery,"Columbus, Indiana",1965-03-31,1919,215.36000061035156,219.05999755859375,215.0,216.5800018310547,975700.0,0.0,0.0
CVS,CVS Health,Health Care,Health Care Services,"Woonsocket, Rhode Island",1957-03-04,1996,99.47000122070312,100.97000122070312,98.62999725341797,98.77999877929688,6282400.0,0.0,0.0
DHI,D. R. Horton,Consumer Discretionary,Homebuilding,"Arlington, Texas",2005-06-22,1978,106.38999938964844,106.80000305175781,104.12999725341797,104.73999786376953,4156500.0,0.0,0.0
DHR,Danaher,Health Care,Health Care Equipment,"Washington, D.C.",,1969,315.8500061035156,317.05999755859375,303.92999267578125,307.70001220703125,3234000.0,0.0,0.0
DRI,Darden Restaurants,Consumer Discretionary,Restaurants,"Orlando, Florida",,1938,146.88999938964844,149.49000549316406,146.88999938964844,149.1300048828125,1417300.0,0.0,0.0
DVA,DaVita,Health Care,Health Care Facilities,"Denver, Colorado",2008-07-31,1979,105.08999633789062,107.73999786376953,104.66999816894531,105.06999969482422,804200.0,0.0,0.0
DE,Deere & Co.,Industrials,Agricultural & Farm Machinery,"Moline, Illinois",1957-03-04,1837,349.8800048828125,354.3500061035156,346.010009765625,348.54998779296875,1799800.0,0.0,0.0
DAL,Delta Air Lines,Industrials,Airlines,"Atlanta, Georgia",2013-09-11,1929,36.54999923706055,37.529998779296875,36.41999816894531,36.529998779296875,12636700.0,0.0,0.0
XRAY,Dentsply Sirona,Health Care,Health Care Supplies,"Charlotte, North Carolina",2008-11-14,2016 (1969),53.349998474121094,54.279998779296875,52.66999816894531,53.13999938964844,1900900.0,0.0,0.0
DVN,Devon Energy,Energy,Oil & Gas Exploration & Production,"Oklahoma City, Oklahoma",2000-08-30,1971,40.400001525878906,41.08000183105469,39.88999938964844,40.34000015258789,11247400.0,0.0,0.0
DXCM,DexCom,Health Care,Health Care Equipment,"San Diego, California",2020-05-12,1999,547.1500244140625,553.2100219726562,529.72998046875,535.3400268554688,1354500.0,0.0,0.0
FANG,Diamondback Energy,Energy,Oil & Gas Exploration & Production,"Midland, Texas",2018-12-03,2007,104.63999938964844,107.55999755859375,103.55000305175781,104.06999969482422,2737200.0,0.0,0.0
DLR,Digital Realty Trust,Real Estate,Specialized REITs,"Austin, Texas",2016-05-18,2004,170.0,170.0,165.38999938964844,167.24000549316406,1237600.0,0.0,0.0
DFS,Discover Financial Services,Financials,Consumer Finance,"Riverwoods, Illinois",2007-07-02,1985,112.91000366210938,116.26000213623047,112.7300033569336,115.52999877929688,2615600.0,0.0,0.0
DISCA,Discovery (Series A),Communication Services,Broadcasting,"New York City, New York",2010-03-01,1985,22.649999618530273,23.06999969482422,22.450000762939453,22.510000228881836,8522700.0,0.0,0.0
DISCK,Discovery (Series C),Communication Services,Broadcasting,"New York City, New York",2014-08-07,1985,21.850000381469727,22.229999542236328,21.6299991607666,21.68000030517578,3541400.0,0.0,0.0
DISH,Dish Network,Communication Services,Cable & Satellite,"Meridian, Colorado",2017-03-13,1980,32.25,33.27000045776367,32.150001525878906,32.220001220703125,2716600.0,0.0,0.0
DG,Dollar General,Consumer Discretionary,General Merchandise Stores,"Goodlettsville, Tennessee",2012-12-03,1939,224.9499969482422,226.77000427246094,224.05999755859375,225.4499969482422,1708600.0,0.0,0.0
DLTR,Dollar Tree,Consumer Discretionary,General Merchandise Stores,"Chesapeake, Virginia",2011-12-19,1986,140.99000549316406,141.99000549316406,138.55999755859375,139.24000549316406,2094400.0,0.0,0.0
D,Dominion Energy,Utilities,Electric Utilities,"Richmond, Virginia",,1983,76.73999786376953,77.08000183105469,76.16000366210938,76.5999984741211,3261900.0,0.0,0.0
DPZ,Domino's Pizza,Consumer Discretionary,Restaurants,"Ann Arbor, Michigan",2020-05-12,1960,531.1300048828125,536.1199951171875,522.1500244140625,523.1500244140625,429600.0,0.0,0.0
DOV,Dover Corporation,Industrials,Industrial Machinery,"Downers Grove, Illinois",1985-10-31,1955,171.02999877929688,172.0399932861328,166.3300018310547,168.07000732421875,724600.0,0.0,0.0
DOW,Dow,Materials,Commodity Chemicals,"Midland, Michigan",2019-04-01,2019,53.25,54.5,53.13800048828125,53.880001068115234,4048700.0,0.0,0.0
DTE,DTE Energy,Utilities,Multi-Utilities,"Detroit, Michigan",1957-03-04,1995,117.80000305175781,118.0,116.87000274658203,117.45999908447266,987100.0,0.0,0.0
DUK,Duke Energy,Utilities,Electric Utilities,"Charlotte, North Carolina",1976-06-30,1904,103.05000305175781,103.5,102.31999969482422,102.7699966430664,2825100.0,0.0,0.0
DRE,Duke Realty Corp,Real Estate,Industrial REITs,"Indianapolis, Indiana",2017-07-26,1972,62.38999938964844,62.70000076293945,61.400001525878906,62.13999938964844,2110400.0,0.0,0.0
DD,DuPont,Materials,Specialty Chemicals,"Wilmington, Delaware",2019-04-02,2017,77.23999786376953,78.8499984741211,77.04000091552734,77.63999938964844,2421500.0,0.0,0.0
DXC,DXC Technology,Information Technology,IT Consulting & Other Services,"Tysons Corner, Virginia",2017-04-04,2017,30.469999313354492,31.690000534057617,30.360000610351562,30.799999237060547,2096800.0,0.0,0.0
EMN,Eastman Chemical,Materials,Diversified Chemicals,"Kingsport, Tennessee",1994-01-01,1920,113.83999633789062,116.05000305175781,112.69999694824219,115.87000274658203,1952400.0,0.0,0.0
ETN,Eaton Corporation,Industrials,Electrical Components & Equipment,"Dublin, Ireland",,1911,168.41000366210938,169.35000610351562,162.5500030517578,164.83999633789062,2838000.0,0.0,0.0
EBAY,eBay,Consumer Discretionary,Internet & Direct Marketing Retail,"San Jose, California",2002-07-22,1995,66.25,66.45999908447266,65.2699966430664,65.8499984741211,9297700.0,0.0,0.0
ECL,Ecolab,Materials,Specialty Chemicals,"Saint Paul, Minnesota",1989-01-31,1923,231.4199981689453,231.6699981689453,228.0,228.8800048828125,1023600.0,0.0,0.0
EIX,Edison International,Utilities,Electric Utilities,"Rosemead, California",1957-03-04,1886,66.95999908447266,67.37999725341797,66.20999908447266,66.3499984741211,1737500.0,0.0,0.0
EW,Edwards Lifesciences,Health Care,Health Care Equipment,"Irvine, California",2011-04-01,1958,119.48999786376953,119.48999786376953,115.73999786376953,116.9000015258789,2275200.0,0.0,0.0
EA,Electronic Arts,Communication Services,Interactive Home Entertainment,"Redwood City, California",2002-07-22,1982,125.9800033569336,128.33999633789062,125.9800033569336,126.8499984741211,2106900.0,0.0,0.0
EMR,Emerson Electric,Industrials,Electrical Components & Equipment,"Ferguson, Missouri",1965-03-31,1890,91.58999633789062,92.80999755859375,90.83999633789062,91.3499984741211,3204800.0,0.0,0.0
ENPH,Enphase Energy,Information Technology,Electronic Components,"Fremont, California",2021-01-07,2006,205.10000610351562,206.19000244140625,194.13999938964844,202.32000732421875,3417100.0,0.0,0.0
ETR,Entergy,Utilities,Electric Utilities,"New Orleans, Louisiana",1957-03-04,1913,108.02999877929688,109.0,107.02999877929688,107.29000091552734,1103700.0,0.0,0.0
EOG,EOG Resources,Energy,Oil & Gas Exploration & Production,"Houston, Texas",2000-11-02,1999,85.41000366210938,86.48999786376953,84.43000030517578,85.30000305175781,3412400.0,0.0,0.0
EPAM,EPAM Systems,Information Technology,IT Consulting & Other Services,"Newtown, Pennsylvania",2021-12-14,1993,675.0,679.3200073242188,642.2000122070312,663.1300048828125,1585300.0,0.0,0.0
EFX,Equifax,Industrials,Research & Consulting Services,"Atlanta, Georgia",1997-06-19,1899,293.95001220703125,295.1099853515625,282.8999938964844,288.2200012207031,632900.0,0.0,0.0
EQIX,Equinix,Real Estate,Specialized REITs,"Redwood City, California",2015-03-20,1998,815.0,815.0,790.3200073242188,805.8300170898438,527300.0,0.0,0.0
EQR,Equity Residential,Real Estate,Residential REITs,"Chicago, Illinois",2001-12-03,1969,88.16999816894531,88.3499984741211,86.16000366210938,87.05999755859375,2905400.0,0.0,0.0
ESS,Essex Property Trust,Real Estate,Residential REITs,"San Mateo, California",2014-04-02,1971,353.17999267578125,353.489990234375,343.5899963378906,345.7200012207031,257500.0,0.0,0.0
EL,Estée Lauder Companies,Consumer Staples,Personal Products,"New York City, New York",2006-01-05,1946,358.0,358.0,352.8699951171875,356.760009765625,1139900.0,0.0,0.0
ETSY,Etsy,Consumer Discretionary,Internet & Direct Marketing Retail,"New York City, New York",2020-09-21,2005,212.69000244140625,218.88999938964844,209.76499938964844,217.66000366210938,2010000.0,0.0,0.0
EVRG,Evergy,Utilities,Electric Utilities,"Kansas City, Missouri",2018-06-05,1909,67.72000122070312,68.12999725341797,66.93000030517578,67.18000030517578,1611100.0,0.0,0.0
ES,Eversource Energy,Utilities,Multi-Utilities,"Hartford, Connecticut",,1966,89.45999908447266,89.88999938964844,88.69999694824219,89.26000213623047,1078200.0,0.0,0.0
RE,Everest Re,Financials,Reinsurance,"Hamilton, Bermuda",2017-06-19,1973,268.0199890136719,272.0199890136719,265.4800109863281,269.7099914550781,151200.0,0.0,0.0
EXC,Exelon,Utilities,Multi-Utilities,"Chicago, Illinois",1957-03-04,2000,53.90999984741211,54.34000015258789,53.4900016784668,53.849998474121094,4893000.0,0.0,0.0
EXPE,Expedia Group,Consumer Discretionary,Internet & Direct Marketing Retail,"Seattle, Washington",2007-10-02,1996,158.7899932861328,161.52000427246094,157.5,158.25999450683594,1853600.0,0.0,0.0
EXPD,Expeditors,Industrials,Air Freight & Logistics,"Seattle, Washington",2007-10-10,1979,133.60000610351562,135.5399932861328,131.86000061035156,133.1699981689453,1634100.0,0.0,0.0
EXR,Extra Space Storage,Real Estate,Specialized REITs,"Salt Lake City, Utah",2016-01-19,1977,210.97000122070312,212.33999633789062,206.33999633789062,209.75999450683594,753100.0,0.0,0.0
XOM,ExxonMobil,Energy,Integrated Oil & Gas,"Irving, Texas",1957-03-04,1999,61.2599983215332,62.470001220703125,61.220001220703125,61.540000915527344,22548900.0,0.0,0.0
FFIV,F5,Information Technology,Communications Equipment,"Seattle, Washington",2010-12-20,1996,228.3300018310547,230.47000122070312,224.99000549316406,229.32000732421875,547500.0,0.0,0.0
FAST,Fastenal,Industrials,Building Products,"Winona, Minnesota",2008-09-15,1967,63.75,63.849998474121094,62.279998779296875,63.029998779296875,2714900.0,0.0,0.0
FRT,Federal Realty Investment Trust,Real Estate,Retail REITs,"Rockville, Maryland",2016-02-01,1962,129.5,129.8300018310547,127.37000274658203,128.0800018310547,553400.0,0.0,0.0
FDX,FedEx,Industrials,Air Freight & Logistics,"Memphis, Tennessee",1980-12-31,1971,240.0,244.8800048828125,239.36000061035156,240.0399932861328,1687300.0,0.0,0.0
FIS,Fidelity National Information Services,Information Technology,Data Processing & Outsourced Services,"Jacksonville, Florida",2006-11-10,1968,104.62999725341797,107.16000366210938,103.69999694824219,106.83000183105469,6918000.0,0.0,0.0
FITB,Fifth Third Bancorp,Financials,Regional Banks,"Cincinnati, Ohio",,1858,42.5099983215332,43.47999954223633,42.40999984741211,43.119998931884766,5782500.0,0.0,0.0
FE,FirstEnergy,Utilities,Electric Utilities,"Akron, Ohio",,1997,40.130001068115234,40.2400016784668,39.650001525878906,39.97999954223633,2583200.0,0.0,0.0
FRC,First Republic Bank,Financials,Regional Banks,"San Francisco, California",2019-01-02,1985,205.3800048828125,208.07000732421875,203.07000732421875,203.61000061035156,1160200.0,0.0,0.0
FISV,Fiserv,Information Technology,Data Processing & Outsourced Services,"Brookfield, Wisconsin",2001-04-02,1984,103.44999694824219,105.63999938964844,102.97000122070312,104.2300033569336,3835000.0,0.0,0.0
FLT,Fleetcor,Information Technology,Data Processing & Outsourced Services,"Norcross, Georgia",2018-06-20,2000,216.32000732421875,222.11000061035156,215.9199981689453,216.1699981689453,572100.0,0.0,0.0
FMC,FMC Corporation,Materials,Fertilizers & Agricultural Chemicals,"Philadelphia, Pennsylvania",2009-08-19,1883,104.9800033569336,106.37000274658203,104.43000030517578,104.61000061035156,1062500.0,0.0,0.0
F,Ford,Consumer Discretionary,Automobile Manufacturers,"Dearborn, Michigan",1957-03-04,1903,19.799999237060547,20.18000030517578,19.3799991607666,20.049999237060547,124432900.0,0.0,0.0
FTNT,Fortinet,Information Technology,Systems Software,"Sunnyvale, California",2018-10-11,2000,322.8800048828125,323.1499938964844,306.0799865722656,315.79998779296875,1698300.0,0.0,0.0
FTV,Fortive,Industrials,Industrial Machinery,"Everett, Washington",2016-07-01,2016,74.68000030517578,75.31999969482422,73.69499969482422,74.01000213623047,1133600.0,0.0,0.0
FBHS,Fortune Brands Home & Security,Industrials,Building Products,"Deerfield, Illinois",2016-06-22,2011 (1969),104.16000366210938,104.98999786376953,103.44999694824219,103.76000213623047,1011600.0,0.0,0.0
FOXA,Fox Corporation (Class A),Communication Services,Movies & Entertainment,"New York City, New York",2013-07-01,2019,36.15999984741211,36.619998931884766,35.79999923706055,35.97999954223633,4595200.0,0.0,0.0
FOX,Fox Corporation (Class B),Communication Services,Movies & Entertainment,"New York City, New York",2015-09-18,2019,33.66999816894531,34.04499816894531,33.29999923706055,33.470001220703125,1921400.0,0.0,0.0
BEN,Franklin Resources,Financials,Asset Management & Custody Banks,"San Mateo, California",,1947,33.90999984741211,34.70000076293945,33.58000183105469,33.72999954223633,3364500.0,0.0,0.0
FCX,Freeport-McMoRan,Materials,Copper,"Phoenix, Arizona",,1912,37.560001373291016,38.779998779296875,37.38999938964844,37.959999084472656,12607300.0,0.0,0.0
GPS,Gap,Consumer Discretionary,Apparel Retail,"San Francisco, California",1986-08-31,1969,16.219999313354492,16.84000015258789,16.040000915527344,16.510000228881836,7467100.0,0.0,0.0
GRMN,Garmin,Consumer Discretionary,Consumer Electronics,"Schaffhausen, Switzerland",2012-12-12,1989,133.1999969482422,134.6199951171875,133.0,134.1300048828125,1138600.0,0.0,0.0
IT,Gartner,Information Technology,IT Consulting & Other Services,"Stamford, Connecticut",2017-04-05,1979,315.79998779296875,316.69000244140625,307.0799865722656,313.989990234375,370000.0,0.0,0.0
GNRC,Generac Holdings,Industrials,Electrical Components & Equipment,"Waukesha, Wisconsin",2021-03-22,1959,340.45001220703125,343.8500061035156,335.0,341.29998779296875,1044700.0,0.0,0.0
GD,General Dynamics,Industrials,Aerospace & Defense,"Falls Church, Virginia",1957-03-04,1899,204.7100067138672,206.55999755859375,202.3000030517578,203.47000122070312,1160300.0,0.0,0.0
GE,General Electric,Industrials,Industrial Conglomerates,"Boston, Massachusetts",,1892,92.75,94.05999755859375,91.72000122070312,92.11000061035156,7258400.0,0.0,0.0
GIS,General Mills,Consumer Staples,Packaged Foods & Meats,"Golden Valley, Minnesota",1969-03-31,1856,65.98999786376953,66.27999877929688,65.62000274658203,65.91000366210938,4487700.0,0.0,0.0
GM,General Motors,Consumer Discretionary,Automobile Manufacturers,"Detroit, Michigan",2013-06-06,1908,57.970001220703125,59.20000076293945,57.70000076293945,58.400001525878906,17919500.0,0.0,0.0
GPC,Genuine Parts,Consumer Discretionary,Specialty Stores,"Atlanta, Georgia",1973-12-31,1925,132.39999389648438,132.86000061035156,131.64999389648438,131.89999389648438,464000.0,0.0,0.0
GILD,Gilead Sciences,Health Care,Biotechnology,"Foster City, California",2004-07-01,1987,69.87000274658203,70.80000305175781,69.76000213623047,70.5199966430664,7244500.0,0.0,0.0
GL,Globe Life,Financials,Life & Health Insurance,"McKinney, Texas",1989-04-30,1900,91.41999816894531,93.12999725341797,90.97000122070312,91.80000305175781,382900.0,0.0,0.0
GPN,Global Payments,Information Technology,Data Processing & Outsourced Services,"Atlanta, Georgia",2016-04-25,2000,126.16999816894531,129.60000610351562,125.5,128.22999572753906,2962400.0,0.0,0.0
GS,Goldman Sachs,Financials,Investment Banking & Brokerage,"New York City, New York",2002-07-22,1869,383.55999755859375,392.5,383.260009765625,388.82000732421875,2787600.0,0.0,0.0
GWW,W. W. Grainger,Industrials,Industrial Machinery,"Lake Forest, Illinois",1981-06-30,1927,505.6199951171875,509.04998779296875,502.5799865722656,507.760009765625,151900.0,0.0,0.0
HAL,Halliburton,Energy,Oil & Gas Equipment & Services,"Houston, Texas",1957-03-04,1919,22.540000915527344,23.100000381469727,22.3700008392334,22.479999542236328,11353800.0,0.0,0.0
HBI,Hanesbrands,Consumer Discretionary,"Apparel, Accessories & Luxury Goods","Winston-Salem, North Carolina",2015-03-20,2000,16.549999237060547,17.010000228881836,16.479999542236328,16.700000762939453,5028500.0,0.0,0.0
HIG,The Hartford,Financials,Property & Casualty Insurance,"Hartford, Connecticut",1957-03-04,1810,67.4800033569336,69.12999725341797,67.33000183105469,68.05000305175781,1963900.0,0.0,0.0
HAS,Hasbro,Consumer Discretionary,Leisure Products,"Pawtucket, Rhode Island",1984-09-30,1923,100.23999786376953,100.98999786376953,99.47000122070312,100.4000015258789,1043800.0,0.0,0.0
HCA,HCA Healthcare,Health Care,Health Care Facilities,"Nashville, Tennessee",2015-01-27,1968,241.9199981689453,246.35000610351562,240.25,245.11000061035156,2054300.0,0.0,0.0
PEAK,Healthpeak Properties,Real Estate,Health Care REITs,"Long Beach, California",2008-03-31,1985,34.5099983215332,34.54999923706055,33.599998474121094,34.0099983215332,2996300.0,0.0,0.0
HSIC,Henry Schein,Health Care,Health Care Distributors,"Melville, New York",2015-03-17,1932,74.95999908447266,76.2300033569336,74.43000030517578,74.55000305175781,900300.0,0.0,0.0
HSY,The Hershey Company,Consumer Staples,Packaged Foods & Meats,"Hershey, Pennsylvania",1957-03-04,1894,188.9499969482422,189.4199981689453,186.85000610351562,187.69000244140625,770600.0,0.0,0.0
HES,Hess Corporation,Energy,Integrated Oil & Gas,"New York City, New York",1984-05-31,1919,76.13999938964844,77.05000305175781,75.12999725341797,76.18000030517578,2153000.0,0.0,0.0
HPE,Hewlett Packard Enterprise,Information Technology,"Technology Hardware, Storage & Peripherals","Houston, Texas",2015-11-02,2015,14.619999885559082,14.9399995803833,14.550000190734863,14.569999694824219,13977400.0,0.0,0.0
HLT,Hilton Worldwide,Consumer Discretionary,"Hotels, Resorts & Cruise Lines","Tysons Corner, Virginia",2017-06-19,1919,142.1199951171875,145.16000366210938,141.38999938964844,141.97999572753906,1581300.0,0.0,0.0
HOLX,Hologic,Health Care,Health Care Equipment,"Marlborough, Massachusetts",2016-03-30,1985,75.7300033569336,76.12999725341797,74.55999755859375,74.83000183105469,1056700.0,0.0,0.0
HD,Home Depot,Consumer Discretionary,Home Improvement Retail,"Atlanta, Georgia",1988-03-31,1978,403.45001220703125,405.67999267578125,398.0799865722656,402.20001220703125,4662800.0,0.0,0.0
HON,Honeywell,Industrials,Industrial Conglomerates,"Charlotte, North Carolina",1964-03-31,1906,208.8300018310547,211.5399932861328,205.91000366210938,206.67999267578125,3790300.0,0.0,0.0
HRL,Hormel,Consumer Staples,Packaged Foods & Meats,"Austin, Minnesota",2009-03-04,1891,47.34000015258789,48.16999816894531,47.11000061035156,47.900001525878906,4047800.0,0.0,0.0
HST,Host Hotels & Resorts,Real Estate,Hotel & Resort REITs,"Bethesda, Maryland",2007-03-20,1993,16.190000534057617,16.520000457763672,16.010000228881836,16.06999969482422,5201100.0,0.0,0.0
HWM,Howmet Aerospace,Industrials,Aerospace & Defense,"Pittsburgh, Pennsylvania",1964-03-31,2016,29.959999084472656,30.68000030517578,29.610000610351562,29.68000030517578,2089300.0,0.0,0.0
HPQ,HP,Information Technology,"Technology Hardware, Storage & Peripherals","Palo Alto, California",1974-12-31,1939 (2015),35.040000915527344,35.869998931884766,34.83000183105469,35.599998474121094,11186800.0,0.0,0.0
HUM,Humana,Health Care,Managed Health Care,"Louisville, Kentucky",,1961,461.69000244140625,467.4800109863281,459.760009765625,461.8599853515625,985400.0,0.0,0.0
HBAN,Huntington Bancshares,Financials,Regional Banks,"Columbus, Ohio; Detroit, Michigan",,1866,14.960000038146973,15.3100004196167,14.920000076293945,15.210000038146973,15308100.0,0.0,0.0
HII,Huntington Ingalls Industries,Industrials,Aerospace & Defense,"Newport News, Virginia",2018-01-03,2011,187.41000366210938,190.94000244140625,185.69000244140625,186.1999969482422,315800.0,0.0,0.0
IEX,IDEX Corporation,Industrials,Industrial Machinery,"Lake Forest, Illinois",2019-08-09,1988,235.97999572753906,236.64999389648438,232.86000061035156,234.13999938964844,200300.0,0.0,0.0
IDXX,Idexx Laboratories,Health Care,Health Care Equipment,"Westbrook, Maine",2017-01-05,1983,602.4600219726562,603.9600219726562,586.6400146484375,596.3499755859375,342400.0,0.0,0.0
INFO,IHS Markit,Industrials,Research & Consulting Services,"London, England",2017-06-02,1959,133.22000122070312,133.97999572753906,130.41000366210938,131.75999450683594,2389000.0,0.0,0.0
ITW,Illinois Tool Works,Industrials,Industrial Machinery,"Glenview, Illinois",1986-02-28,1912,242.72999572753906,243.80999755859375,239.8300018310547,241.6999969482422,860200.0,0.0,0.0
ILMN,Illumina,Health Care,Life Sciences Tools & Services,"San Diego, California",2015-11-19,1998,377.69000244140625,387.4599914550781,376.0899963378906,386.3800048828125,1429400.0,0.0,0.0
INCY,Incyte,Health Care,Biotechnology,"Wilmington, Delaware",2017-02-28,1991,67.31999969482422,69.87000274658203,67.0999984741211,68.58999633789062,1983900.0,0.0,0.0
IR,Ingersoll Rand,Industrials,Industrial Machinery,"Milwaukee, Wisconsin",2020-03-03,1859,59.22999954223633,59.58000183105469,57.435001373291016,58.08000183105469,3232400.0,0.0,0.0
INTC,Intel,Information Technology,Semiconductors,"Santa Clara, California",1976-12-31,1968,49.81999969482422,50.27000045776367,49.31999969482422,49.70000076293945,34110500.0,0.0,0.0
ICE,Intercontinental Exchange,Financials,Financial Exchanges & Data,"Atlanta, Georgia",2007-09-26,2000,134.82000732421875,135.0,131.9199981689453,133.80999755859375,2806100.0,0.0,0.0
IBM,IBM,Information Technology,IT Consulting & Other Services,"Armonk, New York",1957-03-04,1911,122.3499984741211,125.02999877929688,122.30000305175781,123.76000213623047,5714700.0,0.0,0.0
IP,International Paper,Materials,Paper Packaging,"Memphis, Tennessee",1957-03-04,1898,45.900001525878906,46.27000045776367,45.400001525878906,45.540000915527344,6463200.0,0.0,0.0
IPG,Interpublic Group,Communication Services,Advertising,"New York City, New York",1992-10-01,1961 (1930),37.0099983215332,37.0099983215332,36.29999923706055,36.650001525878906,5579500.0,0.0,0.0
IFF,International Flavors & Fragrances,Materials,Specialty Chemicals,"New York City, New York",1976-03-31,1958 (1889),146.25,147.85000610351562,144.89999389648438,145.7100067138672,1960000.0,0.0,0.0
INTU,Intuit,Information Technology,Application Software,"Mountain View, California",2000-12-05,1983,655.6400146484375,657.0399780273438,626.8499755859375,639.47998046875,1865900.0,0.0,0.0
ISRG,Intuitive Surgical,Health Care,Health Care Equipment,"Sunnyvale, California",2008-06-02,1995,336.510009765625,336.510009765625,325.6000061035156,328.239990234375,1482100.0,0.0,0.0
IVZ,Invesco,Financials,Asset Management & Custody Banks,"Atlanta, Georgia",2008-08-21,1935,22.729999542236328,23.079999923706055,22.420000076293945,22.709999084472656,3333700.0,0.0,0.0
IPGP,IPG Photonics,Information Technology,Electronic Manufacturing Services,"Oxford, Massachusetts",2018-03-07,1990,166.5500030517578,168.92999267578125,165.61000061035156,168.52000427246094,310700.0,0.0,0.0
IQV,IQVIA,Health Care,Life Sciences Tools & Services,"Durham, North Carolina",2017-08-29,1982,268.2699890136719,269.2200012207031,259.8900146484375,262.6499938964844,790000.0,0.0,0.0
IRM,Iron Mountain,Real Estate,Specialized REITs,"Boston, Massachusetts",2009-01-06,1951,49.0099983215332,49.400001525878906,47.43000030517578,48.29999923706055,2576900.0,0.0,0.0
JKHY,Jack Henry & Associates,Information Technology,Data Processing & Outsourced Services,"Monett, Missouri",2018-11-13,1976,161.41000366210938,163.58999633789062,161.36000061035156,162.35000610351562,473800.0,0.0,0.0
J,Jacobs Engineering Group,Industrials,Construction & Engineering,"Dallas, Texas",2007-10-26,1947,140.57000732421875,141.9499969482422,139.2100067138672,140.25,450200.0,0.0,0.0
JBHT,J. B. Hunt,Industrials,Trucking,"Lowell, Arkansas",2015-07-01,1961,199.25,201.83999633789062,195.32000732421875,196.60000610351562,447900.0,0.0,0.0
SJM,JM Smucker,Consumer Staples,Packaged Foods & Meats,"Orrville, Ohio",2008-11-06,1897,135.05999755859375,136.07000732421875,133.97999572753906,135.17999267578125,884400.0,0.0,0.0
JNJ,Johnson & Johnson,Health Care,Pharmaceuticals,"New Brunswick, New Jersey",1973-06-30,1886,168.3300018310547,170.97000122070312,167.16000366210938,170.2899932861328,10481600.0,0.0,0.0
JCI,Johnson Controls,Industrials,Building Products,"Cork, Ireland",2010-08-27,1885,78.44000244140625,79.27999877929688,77.08000183105469,77.77999877929688,2807100.0,0.0,0.0
JPM,JPMorgan Chase,Financials,Diversified Banks,"New York City, New York",1975-06-30,2000 (1799 / 1871),157.4499969482422,160.88999938964844,157.3000030517578,159.1300048828125,12561100.0,0.0,0.0
JNPR,Juniper Networks,Information Technology,Communications Equipment,"Sunnyvale, California",2006-06-02,1996,33.90999984741211,34.029998779296875,33.41999816894531,33.52000045776367,7710900.0,0.0,0.0
K,Kellogg's,Consumer Staples,Packaged Foods & Meats,"Battle Creek, Michigan",1989-09-11,1906,63.7400016784668,64.05999755859375,63.2599983215332,63.369998931884766,2350000.0,0.0,0.0
KEY,KeyCorp,Financials,Regional Banks,"Cleveland, Ohio",1994-03-01,1825,22.530000686645508,23.020000457763672,22.459999084472656,22.760000228881836,7643600.0,0.0,0.0
KEYS,Keysight Technologies,Information Technology,Electronic Equipment & Instruments,"Santa Rosa, California",2018-11-06,2014,203.13999938964844,203.13999938964844,195.3300018310547,197.99000549316406,1270900.0,0.0,0.0
KMB,Kimberly-Clark,Consumer Staples,Household Products,"Irving, Texas",1957-03-04,1872,139.47000122070312,139.61000061035156,137.35000610351562,138.08999633789062,2681100.0,0.0,0.0
KIM,Kimco Realty,Real Estate,Retail REITs,"New Hyde Park, New York",2006-04-04,1958,22.959999084472656,23.059999465942383,22.600000381469727,22.639999389648438,4292800.0,0.0,0.0
KMI,Kinder Morgan,Energy,Oil & Gas Storage & Transportation,"Houston, Texas",2012-05-25,1997,15.880000114440918,16.149999618530273,15.760000228881836,15.819999694824219,17453000.0,0.0,0.0
KLAC,KLA Corporation,Information Technology,Semiconductor Equipment,"Milpitas, California",,1975/1977 (1997),395.7900085449219,402.29998779296875,394.17999267578125,399.4599914550781,993300.0,0.0,0.0
KHC,Kraft Heinz,Consumer Staples,Packaged Foods & Meats,"Chicago, Illinois; Pittsburgh, Pennsylvania",2015-07-06,2015 (1869),34.380001068115234,35.13999938964844,34.380001068115234,34.779998779296875,9742700.0,0.0,0.0
KR,Kroger,Consumer Staples,Food Retail,"Cincinnati, Ohio",1957-03-04,1883,45.63999938964844,46.91999816894531,45.029998779296875,45.58000183105469,6991500.0,0.0,0.0
LHX,L3Harris Technologies,Industrials,Aerospace & Defense,"Melbourne, Florida",2008-09-22,2019 (1895),212.49000549316406,215.60000610351562,212.25999450683594,213.0,1684600.0,0.0,0.0
LH,LabCorp,Health Care,Health Care Services,"Burlington, North Carolina",2004-11-01,1978,293.0899963378906,295.67999267578125,290.95001220703125,294.6600036621094,1023200.0,0.0,0.0
LRCX,Lam Research,Information Technology,Semiconductor Equipment,"Fremont, California",2012-06-29,1980,674.6199951171875,683.3900146484375,668.1400146484375,679.2100219726562,1388900.0,0.0,0.0
LW,Lamb Weston,Consumer Staples,Packaged Foods & Meats,"Eagle, Idaho",2018-12-03,2016 (1950),56.849998474121094,57.63999938964844,56.68000030517578,56.88999938964844,1154600.0,0.0,0.0
LVS,Las Vegas Sands,Consumer Discretionary,Casinos & Gaming,"Las Vegas, Nevada",2019-10-03,1988,36.40999984741211,37.290000915527344,36.18000030517578,36.369998931884766,9286100.0,0.0,0.0
LEG,Leggett & Platt,Consumer Discretionary,Home Furnishings,"Carthage, Missouri",1999-10-14,1883,40.63999938964844,41.47999954223633,40.41999816894531,41.119998931884766,2096600.0,0.0,0.0
LDOS,Leidos,Industrials,Diversified Support Services,"Reston, Virginia",2019-08-09,1969,88.91999816894531,90.23999786376953,88.16999816894531,88.2699966430664,976600.0,0.0,0.0
LEN,Lennar,Consumer Discretionary,Homebuilding,"Miami, Florida",2005-10-04,1954,112.0,112.73999786376953,109.77999877929688,111.1500015258789,4261600.0,0.0,0.0
LLY,Eli Lilly,Health Care,Pharmaceuticals,"Indianapolis, Indiana",1970-12-31,1876,247.74000549316406,250.00999450683594,246.38999938964844,249.3800048828125,3423500.0,0.0,0.0
LNC,Lincoln National,Financials,Multi-line Insurance,"Radnor, Pennsylvania",1976-06-30,1905,65.2699966430664,67.16000366210938,65.1500015258789,66.41000366210938,1590400.0,0.0,0.0
LIN,Linde,Materials,Industrial Gases,"Guildford, England",1992-07-01,1879,335.19000244140625,336.05999755859375,333.0199890136719,334.5,1631400.0,0.0,0.0
LYV,Live Nation Entertainment,Communication Services,Movies & Entertainment,"Beverly Hills, California",2019-12-23,2010,107.1500015258789,110.72000122070312,106.80999755859375,108.19000244140625,1500000.0,0.0,0.0
LKQ,LKQ Corporation,Consumer Discretionary,Distributors,"Chicago, Illinois",2016-05-23,1998,56.150001525878906,56.77000045776367,55.97999954223633,56.349998474121094,1914400.0,0.0,0.0
LMT,Lockheed Martin,Industrials,Aerospace & Defense,"Bethesda, Maryland",1984-07-31,1995,343.75,348.3999938964844,343.75,345.6400146484375,1785700.0,0.0,0.0
L,Loews Corporation,Financials,Multi-line Insurance,"New York City, New York",,1959,56.84000015258789,57.560001373291016,56.619998931884766,56.709999084472656,917300.0,0.0,0.0
LOW,Lowe's,Consumer Discretionary,Home Improvement Retail,"Mooresville, North Carolina",1984-02-29,1904/1946/1959,255.9199981689453,256.82000732421875,250.50999450683594,252.4600067138672,5100500.0,0.0,0.0
LUMN,Lumen Technologies,Communication Services,Alternative Carriers,"Monroe, Louisiana",1999-03-25,1983 (1877),11.920000076293945,12.140000343322754,11.770000457763672,11.8100004196167,11264800.0,0.0,0.0
LYB,LyondellBasell,Materials,Specialty Chemicals,"Rotterdam, Netherlands",2012-09-05,2007,87.72000122070312,89.41000366210938,87.72000122070312,89.16000366210938,2712700.0,0.0,0.0
MTB,M&T Bank,Financials,Regional Banks,"Buffalo, New York",2004-02-23,1856,148.24000549316406,151.14999389648438,147.64999389648438,149.4199981689453,1044300.0,0.0,0.0
MRO,Marathon Oil,Energy,Oil & Gas Exploration & Production,"Houston, Texas",1991-05-01,1887,15.229999542236328,15.579999923706055,15.130000114440918,15.180000305175781,15031800.0,0.0,0.0
MPC,Marathon Petroleum,Energy,Oil & Gas Refining & Marketing,"Findlay, Ohio",2011-07-01,2009 (1887),61.47999954223633,63.5099983215332,61.130001068115234,62.45000076293945,5700600.0,0.0,0.0
MKTX,MarketAxess,Financials,Financial Exchanges & Data,"New York City, New York",2019-07-01,2000,401.44000244140625,402.5,390.7699890136719,395.4200134277344,285200.0,0.0,0.0
MAR,Marriott International,Consumer Discretionary,"Hotels, Resorts & Cruise Lines","Bethesda, Maryland",,1927,152.77000427246094,155.94000244140625,152.5500030517578,154.00999450683594,1548800.0,0.0,0.0
MMC,Marsh & McLennan,Financials,Insurance Brokers,"New York City, New York",1987-08-31,1905,170.7100067138672,171.02000427246094,167.44000244140625,168.97999572753906,2011000.0,0.0,0.0
MLM,Martin Marietta Materials,Materials,Construction Materials,"Raleigh, North Carolina",2014-07-02,1993,433.0,440.07000732421875,431.3999938964844,435.8399963378906,364900.0,0.0,0.0
MAS,Masco,Industrials,Building Products,"Livonia, Michigan",1981-06-30,1929,68.02999877929688,68.38999938964844,67.51000213623047,68.13999938964844,1552700.0,0.0,0.0
MA,Mastercard,Information Technology,Data Processing & Outsourced Services,"Harrison, New York",2008-07-18,1966,345.32000732421875,348.2099914550781,337.8599853515625,340.54998779296875,4517200.0,0.0,0.0
MTCH,Match Group,Communication Services,Interactive Media & Services,"Dallas, Texas",2021-09-20,1986,124.06999969482422,126.30999755859375,121.8499984741211,122.80999755859375,2637200.0,0.0,0.0
MKC,McCormick & Company,Consumer Staples,Packaged Foods & Meats,"Hunt Valley, Maryland",2003-03-20,1889,93.26000213623047,93.62000274658203,91.55000305175781,91.58000183105469,2068800.0,0.0,0.0
MCD,McDonald's,Consumer Discretionary,Restaurants,"Chicago, Illinois",1970-06-30,1940,263.0,263.5899963378906,261.75,262.5199890136719,3695500.0,0.0,0.0
MCK,McKesson Corporation,Health Care,Health Care Distributors,"Irving, Texas",,1833,230.57000732421875,235.4499969482422,229.19000244140625,229.6300048828125,955500.0,0.0,0.0
MDT,Medtronic,Health Care,Health Care Equipment,"Dublin, Ireland",1986-10-31,1949,112.2699966430664,113.01000213623047,111.2699966430664,111.69000244140625,8183100.0,0.0,0.0
MRK,Merck,Health Care,Pharmaceuticals,"Kenilworth, New Jersey",1957-03-04,1891,72.36000061035156,74.04000091552734,72.16000366210938,73.72000122070312,18947900.0,0.0,0.0
FB,Meta Platforms,Communication Services,Interactive Media & Services,"Menlo Park, California",2013-12-23,2004,328.04998779296875,335.70001220703125,327.6499938964844,333.739990234375,20441100.0,0.0,0.0
MET,MetLife,Financials,Life & Health Insurance,"New York City, New York",,1868,59.84000015258789,61.290000915527344,59.84000015258789,60.79999923706055,4533600.0,0.0,0.0
MTD,Mettler Toledo,Health Care,Life Sciences Tools & Services,"Columbus, Ohio",2016-09-06,1945,1574.77001953125,1574.77001953125,1532.780029296875,1542.9200439453125,104100.0,0.0,0.0
MGM,MGM Resorts International,Consumer Discretionary,Casinos & Gaming,"Paradise, Nevada",2017-07-26,1986,40.0,41.83000183105469,39.79999923706055,41.22999954223633,10261800.0,0.0,0.0
MCHP,Microchip Technology,Information Technology,Semiconductors,"Chandler, Arizona",2007-09-07,1989,84.02999877929688,85.37000274658203,83.41000366210938,84.88999938964844,4250600.0,0.0,0.0
MU,Micron Technology,Information Technology,Semiconductors,"Boise, Idaho",1994-09-27,1978,83.22000122070312,84.7699966430664,82.91000366210938,83.29000091552734,12077400.0,0.0,0.0
MSFT,Microsoft,Information Technology,Systems Software,"Redmond, Washington",1994-06-01,1975,333.2200012207031,334.6400146484375,324.1099853515625,328.3399963378906,44407300.0,0.0,0.0
MAA,Mid-America Apartments,Real Estate,Residential REITs,"Memphis, Tennessee",2016-12-02,1977,218.4499969482422,218.4499969482422,215.0399932861328,217.3000030517578,776900.0,0.0,0.0
MRNA,Moderna,Health Care,Biotechnology,"Cambridge, Massachusetts",2021-07-21,2010,264.2950134277344,278.3299865722656,257.20001220703125,277.1600036621094,6384300.0,0.0,0.0
MHK,Mohawk Industries,Consumer Discretionary,Home Furnishings,"Calhoun, Georgia",2013-12-23,1878,173.61000061035156,177.61000061035156,173.0800018310547,175.13999938964844,555600.0,0.0,0.0
TAP,Molson Coors,Consumer Staples,Brewers,"Chicago, Illinois",1976-06-30,"2005 (Molson 1786, Coors 1873)",46.22999954223633,46.77000045776367,45.779998779296875,45.869998931884766,1158700.0,0.0,0.0
MDLZ,Mondelez International,Consumer Staples,Packaged Foods & Meats,"Chicago, Illinois",2012-10-02,2012,63.130001068115234,63.43000030517578,62.970001220703125,63.38999938964844,10391100.0,0.0,0.0
MPWR,Monolithic Power Systems,Information Technology,Semiconductors,"Kirkland, Washington",2021-02-12,1997,478.05999755859375,482.32000732421875,468.2099914550781,477.9200134277344,514700.0,0.0,0.0
MNST,Monster Beverage,Consumer Staples,Soft Drinks,"Corona, California",2012-06-28,2012 (1935),89.4000015258789,90.66999816894531,89.3499984741211,90.37000274658203,1982300.0,0.0,0.0
MCO,Moody's,Financials,Financial Exchanges & Data,"New York City, New York",,1909,396.510009765625,399.0299987792969,387.7699890136719,391.94000244140625,595100.0,0.0,0.0
MS,Morgan Stanley,Financials,Investment Banking & Brokerage,"New York City, New York",,1935,96.75,99.44000244140625,96.56999969482422,98.81999969482422,11103100.0,0.0,0.0
MOS,The Mosaic Company,Materials,Fertilizers & Agricultural Chemicals,"Tampa, Florida",2011-09-26,2004 (1865 / 1909),35.59000015258789,36.779998779296875,35.59000015258789,35.810001373291016,3514400.0,0.0,0.0
MSI,Motorola Solutions,Information Technology,Communications Equipment,"Chicago, Illinois",,1928 (2011),261.2900085449219,262.8399963378906,257.42999267578125,259.5299987792969,617900.0,0.0,0.0
MSCI,MSCI,Financials,Financial Exchanges & Data,"New York City, New York",2018-04-04,1969,613.5599975585938,615.8499755859375,586.75,591.0700073242188,520600.0,0.0,0.0
NDAQ,Nasdaq,Financials,Financial Exchanges & Data,"New York City, New York",2008-10-22,1971,203.44000244140625,204.35000610351562,197.6199951171875,199.72999572753906,1056500.0,0.0,0.0
NTAP,NetApp,Information Technology,"Technology Hardware, Storage & Peripherals","Sunnyvale, California",1999-06-25,1992,87.0,88.08999633789062,86.4000015258789,86.83999633789062,1302200.0,0.0,0.0
NFLX,Netflix,Communication Services,Movies & Entertainment,"Los Gatos, California",2010-12-20,1997,598.7100219726562,602.2899780273438,588.1300048828125,597.989990234375,2983200.0,0.0,0.0
NWL,Newell Brands,Consumer Discretionary,Housewares & Specialties,"Atlanta, Georgia",1989-04-30,1903,22.18000030517578,22.65999984741211,22.1200008392334,22.399999618530273,2802400.0,0.0,0.0
NEM,Newmont,Materials,Gold,"Denver, Colorado",1969-06-30,1921,56.619998931884766,57.150001525878906,56.150001525878906,56.16999816894531,6864600.0,0.0,0.0
NWSA,News Corp (Class A),Communication Services,Publishing,"New York City, New York",2013-08-01,2013 (1980),21.399999618530273,21.479999542236328,20.959999084472656,21.010000228881836,2862800.0,0.0,0.0
NWS,News Corp (Class B),Communication Services,Publishing,"New York City, New York",2015-09-18,2013 (1980),21.450000762939453,21.559999465942383,21.059999465942383,21.110000610351562,588900.0,0.0,0.0
NEE,NextEra Energy,Utilities,Multi-Utilities,"Juno Beach, Florida",1976-06-30,1984 (1925),91.2300033569336,91.6500015258789,89.44999694824219,90.02999877929688,11022100.0,0.0,0.0
NLSN,Nielsen Holdings,Industrials,Research & Consulting Services,"New York City, New York",2013-07-09,1923,20.43000030517578,20.770000457763672,20.09000015258789,20.110000610351562,7292800.0,0.0,0.0
NKE,Nike,Consumer Discretionary,"Apparel, Accessories & Luxury Goods","Washington County, Oregon",1988-11-30,1964,166.2899932861328,167.0800018310547,164.2100067138672,165.39999389648438,4871900.0,0.0,0.0
NI,NiSource,Utilities,Multi-Utilities,"Merrillville, Indiana",,1912,26.299999237060547,26.469999313354492,26.139999389648438,26.209999084472656,4438000.0,0.0,0.0
NSC,Norfolk Southern,Industrials,Railroads,"Norfolk, Virginia",1957-03-04,1881/1894 (1980),284.5,286.989990234375,282.0,283.739990234375,1148400.0,0.0,0.0
NTRS,Northern Trust,Financials,Asset Management & Custody Banks,"Chicago, Illinois",,1889,117.06999969482422,118.8499984741211,115.5,117.48999786376953,735600.0,0.0,0.0
NOC,Northrop Grumman,Industrials,Aerospace & Defense,"West Falls Church, Virginia",1985-06-30,"1994 (Northrop 1939, Grumman 1930)",376.6499938964844,382.32000732421875,375.4800109863281,376.2200012207031,906700.0,0.0,0.0
NLOK,NortonLifeLock,Information Technology,Application Software,"Tempe, Arizona",2003-03-25,1982,24.420000076293945,24.459999084472656,24.079999923706055,24.270000457763672,4433400.0,0.0,0.0
NCLH,Norwegian Cruise Line Holdings,Consumer Discretionary,"Hotels, Resorts & Cruise Lines","Miami, Florida",2017-10-13,2011 (1966),20.079999923706055,20.920000076293945,20.079999923706055,20.34000015258789,16704000.0,0.0,0.0
NRG,NRG Energy,Utilities,Independent Power Producers & Energy Traders,"Houston, Texas",2010-01-29,1992,39.970001220703125,40.529998779296875,39.630001068115234,39.93000030517578,2728900.0,0.0,0.0
NUE,Nucor,Materials,Steel,"Charlotte, North Carolina",1985-04-30,1940,115.4800033569336,121.04000091552734,114.5999984741211,118.41999816894531,3669200.0,0.0,0.0
NVDA,Nvidia,Information Technology,Semiconductors,"Santa Clara, California",2001-11-30,1993,276.989990234375,286.7799987792969,272.5,283.3699951171875,66635300.0,0.0,0.0
NVR,NVR,Consumer Discretionary,Homebuilding,"Reston, Virginia",2019-09-26,1980,5744.990234375,5907.5,5744.990234375,5832.0498046875,32900.0,0.0,0.0
NXPI,NXP,Information Technology,Semiconductors,"Eindhoven, Netherlands",2021-03-22,1953,218.91000366210938,221.6300048828125,216.75,219.99000549316406,1687300.0,0.0,0.0
ORLY,O'Reilly Automotive,Consumer Discretionary,Specialty Stores,"Springfield, Missouri",2009-03-27,1957,672.3300170898438,673.1099853515625,663.8900146484375,667.3599853515625,508100.0,0.0,0.0
OXY,Occidental Petroleum,Energy,Oil & Gas Exploration & Production,"Houston, Texas",1982-12-31,1920,28.979999542236328,29.639999389648438,28.610000610351562,28.739999771118164,14107900.0,0.0,0.0
ODFL,Old Dominion Freight Line,Industrials,Trucking,"Thomasville, North Carolina",2019-12-09,1934,356.95001220703125,358.010009765625,346.25,352.0799865722656,540300.0,0.0,0.0
OMC,Omnicom Group,Communication Services,Advertising,"New York City, New York",,1986,70.9800033569336,72.37999725341797,70.69999694824219,72.11000061035156,3684400.0,0.0,0.0
OKE,Oneok,Energy,Oil & Gas Storage & Transportation,"Tulsa, Oklahoma",2010-03-15,1906,59.83000183105469,60.81999969482422,59.040000915527344,59.369998931884766,2727600.0,0.0,0.0
ORCL,Oracle,Information Technology,Application Software,"Austin, Texas",1989-08-31,1977,100.0,101.45999908447266,99.38999938964844,99.88999938964844,9510300.0,0.0,0.0
OGN,Organon & Co.,Health Care,Pharmaceuticals,"Jersey City, New Jersey",2021-06-03,2021,28.93000030517578,29.489999771118164,28.610000610351562,28.850000381469727,3676400.0,0.0,0.0
OTIS,Otis Worldwide,Industrials,Industrial Machinery,"Farmington, Connecticut",2020-04-03,2020 (1853),85.06999969482422,85.4000015258789,84.07499694824219,84.80999755859375,2178600.0,0.0,0.0
PCAR,Paccar,Industrials,Construction Machinery & Heavy Trucks,"Bellevue, Washington",1980-12-31,1905,88.30000305175781,90.12000274658203,87.94999694824219,88.16999816894531,1444700.0,0.0,0.0
PKG,Packaging Corporation of America,Materials,Paper Packaging,"Lake Forest, Illinois",2017-07-26,1959,130.91000366210938,131.64999389648438,130.32000732421875,130.6300048828125,738100.0,0.0,0.0
PH,Parker-Hannifin,Industrials,Industrial Machinery,"Cleveland, Ohio",1985-11-30,1917,312.4599914550781,317.4599914550781,309.6199951171875,311.3999938964844,624500.0,0.0,0.0
PAYX,Paychex,Information Technology,Data Processing & Outsourced Services,"Penfield, New York",,1971,123.47000122070312,124.2300033569336,121.26000213623047,122.43000030517578,1778300.0,0.0,0.0
PAYC,Paycom,Information Technology,Application Software,"Oklahoma City, Oklahoma",2020-01-28,1998,409.2300109863281,413.75,398.010009765625,405.1199951171875,356100.0,0.0,0.0
PYPL,PayPal,Information Technology,Data Processing & Outsourced Services,"San Jose, California",2015-07-20,1998,183.74000549316406,189.14300537109375,182.77999877929688,186.8000030517578,11405700.0,0.0,0.0
PENN,Penn National Gaming,Consumer Discretionary,Casinos & Gaming,"Wyomissing, Pennsylvania",2021-03-22,1972,46.54999923706055,47.939998626708984,46.25,46.650001525878906,2960900.0,0.0,0.0
PNR,Pentair,Industrials,Industrial Machinery,"Worsley, England",2012-10-01,1966,73.16999816894531,73.5199966430664,71.62999725341797,71.8499984741211,1853900.0,0.0,0.0
PBCT,People's United Financial,Financials,Thrifts & Mortgage Finance,"Bridgeport, Connecticut",2008-11-13,1842,17.040000915527344,17.469999313354492,17.020000457763672,17.209999084472656,5618100.0,0.0,0.0
PEP,PepsiCo,Consumer Staples,Soft Drinks,"Purchase, New York",1957-03-04,1898,169.35000610351562,170.38999938964844,168.3000030517578,169.38999938964844,4984400.0,0.0,0.0
PKI,PerkinElmer,Health Care,Health Care Equipment,"Waltham, Massachusetts",1985-05-31,1937,185.69000244140625,186.5800018310547,181.80999755859375,182.19000244140625,1378100.0,0.0,0.0
PFE,Pfizer,Health Care,Pharmaceuticals,"New York City, New York",1957-03-04,1849,54.77000045776367,55.95000076293945,54.31999969482422,55.540000915527344,48599500.0,0.0,0.0
PM,Philip Morris International,Consumer Staples,Tobacco,"New York City, New York",2008-03-31,2008 (1847),91.43000030517578,92.5999984741211,90.75,91.91999816894531,10371300.0,0.0,0.0
PSX,Phillips 66,Energy,Oil & Gas Refining & Marketing,"Houston, Texas",2012-05-01,2012 (1917),69.44999694824219,72.41999816894531,69.31999969482422,70.7300033569336,3360000.0,0.0,0.0
PNW,Pinnacle West Capital,Utilities,Multi-Utilities,"Phoenix, Arizona",,1985,67.23999786376953,68.33000183105469,67.0,67.2699966430664,1711000.0,0.0,0.0
PXD,Pioneer Natural Resources,Energy,Oil & Gas Exploration & Production,"Irving, Texas",2008-09-24,1997,177.5,180.00999450683594,176.50999450683594,177.52000427246094,2388900.0,0.0,0.0
PNC,PNC Financial Services,Financials,Regional Banks,"Pittsburgh, Pennsylvania",1988-04-30,1845,196.85000610351562,201.27000427246094,196.66000366210938,198.80999755859375,1601000.0,0.0,0.0
POOL,Pool Corporation,Consumer Discretionary,Distributors,"Covington, Louisiana",2020-10-07,1993,556.97998046875,561.4000244140625,553.0,558.7000122070312,287300.0,0.0,0.0
PPG,PPG Industries,Materials,Specialty Chemicals,"Pittsburgh, Pennsylvania",1957-03-04,1883,162.75,163.6199951171875,162.0,162.4600067138672,837600.0,0.0,0.0
PPL,PPL,Utilities,Electric Utilities,"Allentown, Pennsylvania",,1920,29.0,29.059999465942383,28.670000076293945,28.829999923706055,5067300.0,0.0,0.0
PFG,Principal Financial Group,Financials,Life & Health Insurance,"Des Moines, Iowa",2002-07-22,1879,71.06999969482422,72.5199966430664,71.06999969482422,72.0,1684800.0,0.0,0.0
PG,Procter & Gamble,Consumer Staples,Personal Products,"Cincinnati, Ohio",1957-03-04,1837,157.89999389648438,158.6300048828125,156.66000366210938,158.25,8677500.0,0.0,0.0
PGR,Progressive Corporation,Financials,Property & Casualty Insurance,"Mayfield Village, Ohio",1997-08-04,1937,96.86000061035156,98.0,96.69999694824219,97.13999938964844,2939400.0,0.0,0.0
PLD,Prologis,Real Estate,Industrial REITs,"San Francisco, California",2003-07-17,1983,160.55999755859375,160.86000061035156,157.14999389648438,158.72999572753906,3268800.0,0.0,0.0
PRU,Prudential Financial,Financials,Life & Health Insurance,"Newark, New Jersey",2002-07-22,1875,105.13999938964844,108.05999755859375,105.12000274658203,107.05999755859375,2505500.0,0.0,0.0
PTC,PTC,Information Technology,Application Software,"Boston, Massachusetts",2021-04-20,1985,117.73999786376953,119.80000305175781,115.08999633789062,117.30999755859375,1153300.0,0.0,0.0
PEG,Public Service Enterprise Group,Utilities,Electric Utilities,"Newark, New Jersey",1957-03-04,1903,64.80000305175781,65.16000366210938,64.33000183105469,64.52999877929688,2232300.0,0.0,0.0
PSA,Public Storage,Real Estate,Specialized REITs,"Glendale, California",2005-08-19,1972,355.9100036621094,356.32000732421875,347.5199890136719,352.2900085449219,968600.0,0.0,0.0
PHM,PulteGroup,Consumer Discretionary,Homebuilding,"Atlanta, Georgia",1984-04-30,1956,54.20000076293945,54.31999969482422,53.22999954223633,53.86000061035156,2514300.0,0.0,0.0
PVH,PVH,Consumer Discretionary,"Apparel, Accessories & Luxury Goods","New York City, New York",2013-02-15,1881,97.31999969482422,100.08999633789062,96.68000030517578,98.19999694824219,879800.0,0.0,0.0
QRVO,Qorvo,Information Technology,Semiconductors,"Greensboro, North Carolina",2015-06-11,2015,153.66000366210938,155.4600067138672,152.1999969482422,152.47000122070312,1253500.0,0.0,0.0
PWR,Quanta Services,Industrials,Construction & Engineering,"Houston, Texas",2009-07-01,1997,111.66000366210938,112.77999877929688,109.31999969482422,110.76000213623047,1005300.0,0.0,0.0
QCOM,Qualcomm,Information Technology,Semiconductors,"San Diego, California",,1985,181.1999969482422,183.89999389648438,179.41000366210938,181.97999572753906,8537800.0,0.0,0.0
DGX,Quest Diagnostics,Health Care,Health Care Services,"Secaucus, New Jersey",2002-12-12,1967,163.10000610351562,165.3699951171875,163.10000610351562,164.42999267578125,1163400.0,0.0,0.0
RL,Ralph Lauren Corporation,Consumer Discretionary,"Apparel, Accessories & Luxury Goods","New York City, New York",2007-02-02,1967,111.6500015258789,118.54000091552734,111.6500015258789,116.86000061035156,1645100.0,0.0,0.0
RJF,Raymond James Financial,Financials,Investment Banking & Brokerage,"St. Petersburg, Florida",2017-03-20,1962,96.30999755859375,97.37000274658203,95.41999816894531,96.4000015258789,948200.0,0.0,0.0
RTX,Raytheon Technologies,Industrials,Aerospace & Defense,"Waltham, Massachusetts",,1922,83.62999725341797,84.73999786376953,83.2300033569336,83.5,6144700.0,0.0,0.0
O,Realty Income Corporation,Real Estate,Retail REITs,"San Diego, California",2015-04-07,1969,68.0999984741211,68.63999938964844,67.25,67.29000091552734,4763700.0,0.0,0.0
REG,Regency Centers,Real Estate,Retail REITs,"Jacksonville, Florida",2017-03-02,1963,72.7300033569336,73.16000366210938,71.62000274658203,71.86000061035156,921200.0,0.0,0.0
REGN,Regeneron Pharmaceuticals,Health Care,Biotechnology,"Tarrytown, New York",2013-05-01,1988,652.22998046875,673.8599853515625,651.8900146484375,670.969970703125,730800.0,0.0,0.0
RF,Regions Financial Corporation,Financials,Regional Banks,"Birmingham, Alabama",1998-08-28,1971,21.489999771118164,22.0,21.459999084472656,21.829999923706055,9017500.0,0.0,0.0
RSG,Republic Services,Industrials,Environmental & Facilities Services,"Phoenix, Arizona",2008-12-05,1998 (1981),135.6999969482422,136.39999389648438,134.5500030517578,135.47000122070312,1061200.0,0.0,0.0
RMD,ResMed,Health Care,Health Care Equipment,"San Diego, California",2017-07-26,1989,262.94000244140625,263.4800109863281,255.4499969482422,256.4599914550781,434200.0,0.0,0.0
RHI,Robert Half International,Industrials,Human Resource & Employment Services,"Menlo Park, California",2000-12-05,1948,107.37000274658203,108.66000366210938,105.66999816894531,106.48999786376953,979300.0,0.0,0.0
ROK,Rockwell Automation,Industrials,Electrical Components & Equipment,"Milwaukee, Wisconsin",,1903,350.1300048828125,351.8800048828125,339.30999755859375,342.6199951171875,685900.0,0.0,0.0
ROL,Rollins,Industrials,Environmental & Facilities Services,"Atlanta, Georgia",2018-10-01,1948,32.22999954223633,32.790000915527344,32.15999984741211,32.34000015258789,3004100.0,0.0,0.0
ROP,Roper Technologies,Industrials,Industrial Conglomerates,"Sarasota, Florida",2009-12-23,1981,473.7799987792969,475.75,461.6099853515625,466.2900085449219,406100.0,0.0,0.0
ROST,Ross Stores,Consumer Discretionary,Apparel Retail,"Dublin, California",2009-12-21,1982,109.0,111.87000274658203,108.80999755859375,109.5999984741211,1779600.0,0.0,0.0
RCL,Royal Caribbean Group,Consumer Discretionary,"Hotels, Resorts & Cruise Lines","Miami, Florida",2014-12-05,1997,71.12000274658203,73.30000305175781,71.08000183105469,71.5999984741211,4254400.0,0.0,0.0
SPGI,S&P Global,Financials,Financial Exchanges & Data,"New York City, New York",,1917,475.7699890136719,478.0299987792969,464.8399963378906,470.3399963378906,1440300.0,0.0,0.0
CRM,Salesforce,Information Technology,Application Software,"San Francisco, California",2008-09-15,1999,262.0,262.1499938964844,253.3000030517578,255.58999633789062,7226300.0,0.0,0.0
SBAC,SBA Communications,Real Estate,Specialized REITs,"Boca Raton, Florida",2017-09-01,1989,365.0199890136719,365.2300109863281,355.1700134277344,363.5,725000.0,0.0,0.0
SLB,Schlumberger,Energy,Oil & Gas Equipment & Services,"Curaçao, Kingdom of the Netherlands",1965-03-31,1926,29.690000534057617,30.280000686645508,29.559999465942383,29.670000076293945,8515900.0,0.0,0.0
STX,Seagate Technology,Information Technology,"Technology Hardware, Storage & Peripherals","Dublin, Ireland",2012-07-02,1979,101.05000305175781,102.62000274658203,100.06999969482422,102.44000244140625,1813800.0,0.0,0.0
SEE,Sealed Air,Materials,Paper Packaging,"Charlotte, North Carolina",1957-03-04,1960,65.11000061035156,66.23999786376953,63.939998626708984,64.1500015258789,1103100.0,0.0,0.0
SRE,Sempra Energy,Utilities,Multi-Utilities,"San Diego, California",,1998,126.4000015258789,127.5999984741211,125.94999694824219,126.1500015258789,1812600.0,0.0,0.0
NOW,ServiceNow,Information Technology,Systems Software,"Santa Clara, California",2019-11-21,2003,642.0900268554688,646.9000244140625,607.1900024414062,624.6900024414062,1659400.0,0.0,0.0
SHW,Sherwin-Williams,Materials,Specialty Chemicals,"Cleveland, Ohio",1964-06-30,1866,346.3500061035156,346.3500061035156,340.05999755859375,342.760009765625,918800.0,0.0,0.0
SPG,Simon Property Group,Real Estate,Retail REITs,"Indianapolis, Indiana",2002-06-26,2003,151.08999633789062,152.2100067138672,149.85000610351562,150.92999267578125,1999800.0,0.0,0.0
SWKS,Skyworks Solutions,Information Technology,Semiconductors,"Woburn, Massachusetts",2015-03-12,2002,159.16000366210938,161.3300018310547,158.39999389648438,159.3800048828125,1369200.0,0.0,0.0
SNA,Snap-on,Industrials,Industrial Machinery,"Kenosha, Wisconsin",1982-09-30,1920,212.75999450683594,214.75999450683594,209.9600067138672,212.88999938964844,442000.0,0.0,0.0
SO,Southern Company,Utilities,Electric Utilities,"Atlanta, Georgia",1957-03-04,1945,66.16999816894531,66.45999908447266,65.66999816894531,65.97000122070312,4289700.0,0.0,0.0
LUV,Southwest Airlines,Industrials,Airlines,"Dallas, Texas",1994-07-01,1967,40.349998474121094,41.220001220703125,40.08000183105469,40.2400016784668,9599700.0,0.0,0.0
SWK,Stanley Black & Decker,Industrials,Industrial Machinery,"New Britain, Connecticut",1982-09-30,1843,191.52999877929688,194.92999267578125,190.44000244140625,191.3800048828125,1281500.0,0.0,0.0
SBUX,Starbucks,Consumer Discretionary,Restaurants,"Seattle, Washington",,1971,114.56999969482422,115.30000305175781,114.02999877929688,114.70999908447266,6853800.0,0.0,0.0
STT,State Street Corporation,Financials,Asset Management & Custody Banks,"Boston, Massachusetts",,1792,91.11000061035156,93.0,90.83000183105469,92.0999984741211,1840500.0,0.0,0.0
STE,Steris,Health Care,Health Care Equipment,"Dublin, Ireland",2019-12-23,1985,228.0800018310547,229.8000030517578,224.80999755859375,226.8300018310547,406200.0,0.0,0.0
SYK,Stryker Corporation,Health Care,Health Care Equipment,"Kalamazoo, Michigan",2000-12-12,1941,258.25,259.2699890136719,254.32000732421875,254.75,1082200.0,0.0,0.0
SIVB,SVB Financial,Financials,Regional Banks,"Santa Clara, California",2018-03-19,1983,675.0800170898438,689.219970703125,667.5800170898438,676.6799926757812,373600.0,0.0,0.0
SYF,Synchrony Financial,Financials,Consumer Finance,"Stamford, Connecticut",2015-11-18,2003,46.25,47.400001525878906,46.09000015258789,46.83000183105469,4292700.0,0.0,0.0
SNPS,Synopsys,Information Technology,Application Software,"Mountain View, California",2017-03-16,1986,354.9700012207031,357.8800048828125,341.92999267578125,345.92999267578125,940300.0,0.0,0.0
SYY,Sysco,Consumer Staples,Food Distributors,"Houston, Texas",1986-12-31,1969,73.45999908447266,74.0999984741211,72.83999633789062,73.5199966430664,3534300.0,0.0,0.0
TMUS,T-Mobile US,Communication Services,Wireless Telecommunication Services,"Bellevue, Washington",2019-07-15,1994,114.62999725341797,118.30000305175781,114.29000091552734,117.30999755859375,5301000.0,0.0,0.0
TROW,T. Rowe Price,Financials,Asset Management & Custody Banks,"Baltimore, Maryland",,1937,192.0800018310547,193.0399932861328,188.74000549316406,190.02000427246094,1460300.0,0.0,0.0
TTWO,Take-Two Interactive,Communication Services,Interactive Home Entertainment,"New York City, New York",2018-03-19,1993,164.36000061035156,167.75999450683594,163.47999572753906,167.6300048828125,676600.0,0.0,0.0
TPR,Tapestry,Consumer Discretionary,"Apparel, Accessories & Luxury Goods","New York City, New York",,2017,41.900001525878906,42.9900016784668,41.68000030517578,42.459999084472656,5785900.0,0.0,0.0
TGT,Target,Consumer Discretionary,General Merchandise Stores,"Minneapolis, Minnesota",1976-12-31,1902,230.91000366210938,236.16000366210938,230.91000366210938,235.27999877929688,3364000.0,0.0,0.0
TEL,TE Connectivity,Information Technology,Electronic Manufacturing Services,"Schaffhausen, Switzerland",2011-10-17,2007,158.0800018310547,159.00999450683594,155.72000122070312,157.10000610351562,1393300.0,0.0,0.0
TDY,Teledyne Technologies,Industrials,Aerospace & Defense,"Thousand Oaks, California",2020-06-22,1960,431.80999755859375,434.6199951171875,430.0,432.05999755859375,156900.0,0.0,0.0
TFX,Teleflex,Health Care,Health Care Equipment,"Wayne, Pennsylvania",2019-01-18,1943,318.4599914550781,323.1099853515625,317.760009765625,317.7799987792969,368300.0,0.0,0.0
TER,Teradyne,Information Technology,Semiconductor Equipment,"North Reading, Massachusetts",2020-09-21,1960,153.88999938964844,156.30999755859375,152.02000427246094,155.94000244140625,1076300.0,0.0,0.0
TSLA,Tesla,Consumer Discretionary,Automobile Manufacturers,"Palo Alto, California",2020-12-21,2003,945.0,966.4099731445312,930.0,958.510009765625,23533000.0,0.0,0.0
TXN,Texas Instruments,Information Technology,Semiconductors,"Dallas, Texas",,1930,190.97000122070312,191.67999267578125,188.16000366210938,190.27000427246094,6130100.0,0.0,0.0
TXT,Textron,Industrials,Aerospace & Defense,"Providence, Rhode Island",1978-12-31,1923,73.05999755859375,74.13999938964844,72.6500015258789,73.13999938964844,1268600.0,0.0,0.0
TMO,Thermo Fisher Scientific,Health Care,Life Sciences Tools & Services,"Waltham, Massachusetts",2004-08-03,2006 (1902),640.0,643.3300170898438,624.3800048828125,632.1099853515625,1491500.0,0.0,0.0
TJX,TJX Companies,Consumer Discretionary,Apparel Retail,"Framingham, Massachusetts",1985-09-30,1987,72.68000030517578,73.69000244140625,72.58999633789062,72.94000244140625,6972700.0,0.0,0.0
TSCO,Tractor Supply Company,Consumer Discretionary,Specialty Stores,"Brentwood, Tennessee",2014-01-24,1938,232.89999389648438,234.97999572753906,230.88999938964844,234.19000244140625,884300.0,0.0,0.0
TT,Trane Technologies,Industrials,Building Products,"Dublin, Ireland",2010-11-17,1871,199.9600067138672,202.6300048828125,197.44000244140625,199.8000030517578,1576000.0,0.0,0.0
TDG,TransDigm Group,Industrials,Aerospace & Defense,"Cleveland, Ohio",2016-06-03,1993,589.72998046875,597.2999877929688,581.469970703125,583.739990234375,221600.0,0.0,0.0
TRV,The Travelers Companies,Financials,Property & Casualty Insurance,"New York City, New York",2002-08-21,1853,153.47000122070312,158.22000122070312,153.2100067138672,156.72999572753906,2033100.0,0.0,0.0
TRMB,Trimble,Information Technology,Electronic Equipment & Instruments,"Sunnyvale, California",2021-01-21,1978,85.0199966430664,85.55000305175781,82.62999725341797,83.87000274658203,1016400.0,0.0,0.0
TFC,Truist Financial,Financials,Regional Banks,"Charlotte, North Carolina",1997-12-04,1872,58.31999969482422,59.43000030517578,58.220001220703125,58.65999984741211,5715400.0,0.0,0.0
TWTR,Twitter,Communication Services,Interactive Media & Services,"San Francisco, California",2018-06-07,2006,44.040000915527344,44.689998626708984,43.70000076293945,44.349998474121094,11197000.0,0.0,0.0
TYL,Tyler Technologies,Information Technology,Application Software,"Plano, Texas",2020-06-22,1966,510.4200134277344,513.4600219726562,500.8800048828125,505.82000732421875,176700.0,0.0,0.0
TSN,Tyson Foods,Consumer Staples,Packaged Foods & Meats,"Springdale, Arkansas",2005-08-10,1935,85.25,86.43000030517578,84.8499984741211,85.75,3077700.0,0.0,0.0
UDR,UDR,Real Estate,Residential REITs,"Highlands Ranch, Colorado",2016-03-07,1972,59.349998474121094,59.58000183105469,58.11000061035156,58.59000015258789,2806100.0,0.0,0.0
ULTA,Ulta Beauty,Consumer Discretionary,Specialty Stores,"Bolingbrook, Illinois",2016-04-18,1990,382.5400085449219,391.0299987792969,380.7699890136719,389.6499938964844,896100.0,0.0,0.0
USB,U.S. Bancorp,Financials,Diversified Banks,"Minneapolis, Minnesota",,1968,56.93000030517578,57.880001068115234,56.810001373291016,57.310001373291016,4585600.0,0.0,0.0
UAA,Under Armour (Class A),Consumer Discretionary,"Apparel, Accessories & Luxury Goods","Baltimore, Maryland",2014-05-01,1996,22.399999618530273,22.700000762939453,22.200000762939453,22.25,3843500.0,0.0,0.0
UA,Under Armour (Class C),Consumer Discretionary,"Apparel, Accessories & Luxury Goods","Baltimore, Maryland",2016-04-08,1996,19.110000610351562,19.3700008392334,18.950000762939453,19.010000228881836,1883789.0,0.0,0.0
UNP,Union Pacific,Industrials,Railroads,"Omaha, Nebraska",1957-03-04,1862,245.50999450683594,247.0,243.27999877929688,244.61000061035156,2682200.0,0.0,0.0
UAL,United Airlines,Industrials,Airlines,"Chicago, Illinois",2015-09-03,1967,41.15999984741211,42.59000015258789,41.15999984741211,41.380001068115234,12272700.0,0.0,0.0
UNH,UnitedHealth Group,Health Care,Managed Health Care,"Minnetonka, Minnesota",1994-07-01,1977,479.75,483.0400085449219,477.17999267578125,479.4599914550781,3018000.0,0.0,0.0
UPS,United Parcel Service,Industrials,Air Freight & Logistics,"Sandy Springs, Georgia",2002-07-22,1907,205.1999969482422,207.14999389648438,203.0800018310547,203.74000549316406,1930500.0,0.0,0.0
URI,United Rentals,Industrials,Trading Companies & Distributors,"Stamford, Connecticut",2014-09-20,1997,335.6700134277344,342.07000732421875,333.4200134277344,337.5799865722656,471100.0,0.0,0.0
UHS,Universal Health Services,Health Care,Health Care Facilities,"King of Prussia, Pennsylvania",2014-09-20,1979,128.6699981689453,130.89999389648438,127.66000366210938,127.88999938964844,549600.0,0.0,0.0
VLO,Valero Energy,Energy,Oil & Gas Refining & Marketing,"San Antonio, Texas",,1980,67.69000244140625,70.29000091552734,67.66000366210938,68.19000244140625,2694000.0,0.0,0.0
VTR,Ventas,Real Estate,Health Care REITs,"Chicago, Illinois",2009-03-04,1998,48.54999923706055,48.880001068115234,47.540000915527344,47.720001220703125,2946800.0,0.0,0.0
VRSN,Verisign,Information Technology,Internet Services & Infrastructure,"Dulles, Virginia",2006-02-01,1995,241.64999389648438,242.19000244140625,233.32000732421875,238.07000732421875,712800.0,0.0,0.0
VRSK,Verisk Analytics,Industrials,Research & Consulting Services,"Jersey City, New Jersey",2015-10-08,1971,227.38999938964844,229.39999389648438,224.25,224.8000030517578,844800.0,0.0,0.0
VZ,Verizon Communications,Communication Services,Integrated Telecommunication Services,"New York City, New York",1983-11-30,1983 (1877),50.369998931884766,51.150001525878906,50.18000030517578,50.650001525878906,31549100.0,0.0,0.0
VRTX,Vertex Pharmaceuticals,Health Care,Biotechnology,"Cambridge, Massachusetts",2013-09-23,1989,208.27999877929688,209.99000549316406,206.89999389648438,209.24000549316406,1370100.0,0.0,0.0
VFC,VF Corporation,Consumer Discretionary,"Apparel, Accessories & Luxury Goods","Denver, Colorado",1979-06-30,1899,73.9800033569336,74.26000213623047,73.26000213623047,73.56999969482422,3018400.0,0.0,0.0
VIAC,ViacomCBS,Communication Services,Movies & Entertainment,"New York City, New York",,2019 (1952),29.8799991607666,30.190000534057617,29.530000686645508,29.600000381469727,12232900.0,0.0,0.0
VTRS,Viatris,Health Care,Pharmaceuticals,"Pittsburgh, Pennsylvania",2004-04-23,1961,12.550000190734863,13.149999618530273,12.550000190734863,12.8100004196167,10521700.0,0.0,0.0
V,Visa,Information Technology,Data Processing & Outsourced Services,"San Francisco, California",2009-12-21,1958,210.72999572753906,213.3699951171875,208.4499969482422,209.97999572753906,9829700.0,0.0,0.0
VNO,Vornado Realty Trust,Real Estate,Office REITs,"New York City, New York",,1982,41.2599983215332,41.779998779296875,40.77000045776367,40.84000015258789,1774300.0,0.0,0.0
VMC,Vulcan Materials,Materials,Construction Materials,"Birmingham, Alabama",1999-06-30,1909,203.2100067138672,205.3300018310547,202.13999938964844,204.13999938964844,792700.0,0.0,0.0
WRB,W. R. Berkley Corporation,Financials,Property & Casualty Insurance,"Greenwich, Connecticut",2019-12-05,1967,80.83999633789062,82.3499984741211,80.25,81.4800033569336,814000.0,0.0,0.0
WAB,Wabtec,Industrials,Construction Machinery & Heavy Trucks,"Pittsburgh, Pennsylvania",2019-02-27,1999 (1869),89.29000091552734,90.1500015258789,88.19000244140625,88.79000091552734,731300.0,0.0,0.0
WMT,Walmart,Consumer Staples,Hypermarkets & Super Centers,"Bentonville, Arkansas",1982-08-31,1962,143.3000030517578,145.27999877929688,142.14999389648438,144.94000244140625,15570900.0,0.0,0.0
WBA,Walgreens Boots Alliance,Consumer Staples,Drug Retail,"Deerfield, Illinois",1979-12-31,2014,49.13999938964844,50.459999084472656,49.0,49.31999969482422,5314400.0,0.0,0.0
DIS,The Walt Disney Company,Communication Services,Movies & Entertainment,"Burbank, California",1976-06-30,1923,149.25999450683594,151.6199951171875,148.52000427246094,149.10000610351562,10867800.0,0.0,0.0
WM,Waste Management,Industrials,Environmental & Facilities Services,"Houston, Texas",,1968,163.60000610351562,164.19000244140625,161.13999938964844,162.5800018310547,1971200.0,0.0,0.0
WAT,Waters Corporation,Health Care,Health Care Distributors,"Milford, Massachusetts",,1958,341.8999938964844,345.20001220703125,338.42999267578125,342.0400085449219,664400.0,0.0,0.0
WEC,WEC Energy Group,Utilities,Electric Utilities,"Milwaukee, Wisconsin",2008-10-31,1896,95.0999984741211,95.37999725341797,94.5199966430664,94.76000213623047,2062400.0,0.0,0.0
WFC,Wells Fargo,Financials,Diversified Banks,"San Francisco, California",1976-06-30,1852,48.61000061035156,49.4900016784668,48.599998474121094,48.88999938964844,17592500.0,0.0,0.0
WELL,Welltower,Real Estate,Health Care REITs,"Toledo, Ohio",2009-01-30,1970,83.44000244140625,83.98999786376953,81.23999786376953,82.19000244140625,2311000.0,0.0,0.0
WST,West Pharmaceutical Services,Health Care,Health Care Supplies,"Exton, Pennsylvania",2020-05-22,1923,437.07000732421875,437.57000732421875,423.80999755859375,428.69000244140625,347000.0,0.0,0.0
WDC,Western Digital,Information Technology,"Technology Hardware, Storage & Peripherals","San Jose, California",2009-07-01,1970,55.2599983215332,56.59000015258789,55.04999923706055,55.630001068115234,3133800.0,0.0,0.0
WU,Western Union,Information Technology,Data Processing & Outsourced Services,"Englewood, Colorado",2006-09-29,1851,18.270000457763672,18.600000381469727,18.18000030517578,18.200000762939453,8247400.0,0.0,0.0
WRK,WestRock,Materials,Paper Packaging,"Atlanta, Georgia",,2015,43.099998474121094,43.959999084472656,43.0,43.310001373291016,2355600.0,0.0,0.0
WY,Weyerhaeuser,Real Estate,Specialized REITs,"Seattle, Washington",,1900,40.130001068115234,40.130001068115234,38.790000915527344,38.88999938964844,5294700.0,0.0,0.0
WHR,Whirlpool Corporation,Consumer Discretionary,Household Appliances,"Benton Harbor, Michigan",,1911,227.80999755859375,233.3699951171875,226.5399932861328,232.02000427246094,901900.0,0.0,0.0
WMB,Williams Companies,Energy,Oil & Gas Storage & Transportation,"Tulsa, Oklahoma",1975-03-31,1908,26.280000686645508,26.5,25.81999969482422,25.8799991607666,10045100.0,0.0,0.0
WLTW,Willis Towers Watson,Financials,Insurance Brokers,"London, England",2016-01-05,2016,231.11000061035156,232.8800048828125,229.33999633789062,232.1699981689453,1831600.0,0.0,0.0
WYNN,Wynn Resorts,Consumer Discretionary,Casinos & Gaming,"Paradise, Nevada",2008-11-14,2002,83.0,84.5,82.30999755859375,83.31999969482422,2907100.0,0.0,0.0
XEL,Xcel Energy,Utilities,Multi-Utilities,"Minneapolis, Minnesota",1957-03-04,1909,67.31999969482422,67.66999816894531,66.72000122070312,67.38999938964844,2949800.0,0.0,0.0
XLNX,Xilinx,Information Technology,Semiconductors,"San Jose, California",1999-11-08,1984,205.1999969482422,212.30999755859375,203.3300018310547,209.80999755859375,2631500.0,0.0,0.0
XYL,Xylem,Industrials,Industrial Machinery,"White Plains, New York",2011-11-01,2011,121.3499984741211,121.87999725341797,118.22000122070312,118.68000030517578,1298600.0,0.0,0.0
YUM,Yum! Brands,Consumer Discretionary,Restaurants,"Louisville, Kentucky",1997-10-06,1997,131.55999755859375,133.0,131.5,131.99000549316406,1434500.0,0.0,0.0
ZBRA,Zebra Technologies,Information Technology,Electronic Equipment & Instruments,"Lincolnshire, Illinois",2019-12-23,1969,597.3400268554688,599.1099853515625,582.5599975585938,585.8599853515625,286400.0,0.0,0.0
ZBH,Zimmer Biomet,Health Care,Health Care Equipment,"Warsaw, Indiana",2001-08-07,1927,124.94000244140625,126.37000274658203,123.08999633789062,123.27999877929688,1291700.0,0.0,0.0
ZION,Zions Bancorp,Financials,Regional Banks,"Salt Lake City, Utah",2001-06-22,1873,61.25,62.4900016784668,61.119998931884766,62.27000045776367,1633300.0,0.0,0.0
ZTS,Zoetis,Health Care,Pharmaceuticals,"Parsippany, New Jersey",2013-06-21,1952,230.0,230.99000549316406,226.44000244140625,228.07000732421875,1762100.0,0.0,0.0
