rank,artist_name,lead_streams,featured_streams,tracks,1B+,100M+,10M+,1M+,last_update
1,Drake,43356538890,16099419102,249,4,115,241,244,12/11/21
2,Ed Sheeran,32539982801,2398782199,209,9,56,158,184,12/11/21
3,Bad Bunny,29908654750,4133673183,141,3,83,134,140,12/11/21
4,Ariana Grande,28363452316,1824125660,181,4,63,124,173,12/11/21
5,The Weeknd,27452412037,3448184791,148,6,64,126,140,12/11/21
6,Justin Bieber,26968605063,9911039466,221,5,52,165,192,12/11/21
7,Post Malone,26189133699,2125525866,82,8,52,65,66,12/11/21
8,Eminem,25818281724,3637871828,276,2,57,221,257,12/11/21
9,Taylor Swift,24364657704,323533210,318,1,68,243,308,12/11/21
10,J Balvin,22598090221,8889417392,230,2,62,135,210,12/11/21
11,BTS,22190090759,169104935,253,1,83,194,252,12/11/21
12,Kanye West,20664366681,4964138399,234,0,55,187,212,12/11/21
13,Billie Eilish,19754443047,0,62,3,41,57,61,12/11/21
14,Ozuna,18835938486,6831517037,206,1,46,146,188,12/08/21
15,Juice WRLD,18794365393,2800567319,113,1,53,95,112,12/11/21
16,Khalid,18747895938,2420401806,109,6,36,84,101,12/08/21
17,XXXTENTACION,18644138818,2343041807,130,5,38,103,119,12/11/21
18,Coldplay,18559704822,0,294,3,31,160,271,12/08/21
19,Travis Scott,18047615865,8455049378,112,3,42,90,105,12/08/21
20,Rihanna,17985060922,6396492263,273,1,43,107,198,12/11/21
21,Imagine Dragons,17964279753,57918900,145,4,36,100,127,12/11/21
22,Dua Lipa,17757319213,309727751,190,5,32,73,160,12/11/21
23,Maroon 5,17399139535,16850,236,3,28,103,193,12/10/21
24,Shawn Mendes,16684097425,105623541,125,4,30,93,120,12/11/21
25,David Guetta,16136589668,1036192382,649,1,41,128,354,11/27/21
26,Calvin Harris,15729735238,386294443,217,2,28,81,173,11/18/21
27,Daddy Yankee,15415342709,4807031565,342,3,38,84,200,12/09/21
28,Sam Smith,15162322757,261268993,139,3,30,79,129,12/11/21
29,Bruno Mars,15126334053,3385099540,78,4,28,60,72,12/10/21
30,Queen,14347764070,29023307,553,4,23,89,395,12/11/21
31,Kendrick Lamar,14261521087,7676842571,102,1,31,90,96,12/11/21
32,The Chainsmokers,14121239520,375225086,173,3,23,72,148,12/04/21
33,Chris Brown,13355479713,7669486512,393,0,36,183,322,12/11/21
34,Beyoncé,13322724124,1865434112,341,1,31,151,245,12/11/21
35,One Direction,13296110611,0,124,0,38,100,116,12/10/21
36,Sia,13186436464,2825253580,316,3,26,105,227,12/11/21
37,Future,13178656646,7971576300,459,1,25,202,333,12/01/21
38,Nicki Minaj,13070509431,9644794467,160,1,31,113,153,12/11/21
39,Lady Gaga,12758167724,84328406,306,1,26,104,185,12/11/21
40,Halsey,12581313009,2129255801,152,3,23,87,124,12/01/21
41,Selena Gomez,12557580928,1883303765,134,3,23,78,120,12/10/21
42,J. Cole,12516081836,2824024736,150,1,33,108,133,12/11/21
43,Anuel AA,12063303342,4036787266,153,0,31,111,145,12/11/21
44,The Beatles,11923032900,0,780,0,29,171,422,12/11/21
45,Maluma,11821779948,5268593742,180,0,31,119,173,12/11/21
46,Twenty One Pilots,11676802167,0,89,3,34,73,82,12/11/21
47,Adele,11365491280,30812399,70,2,23,59,69,12/11/21
48,Kygo,11279052360,1043069574,101,1,27,83,99,11/07/21
49,Linkin Park,11264118937,44186404,348,1,28,107,275,12/11/21
50,Marshmello,11247160026,492760970,142,4,17,83,131,11/07/21
51,Avicii,11197279323,428688738,245,1,17,86,156,12/07/21
52,Lil Uzi Vert,11197058383,5352429449,129,1,29,116,127,12/08/21
53,Katy Perry,10941125547,972790884,177,0,30,81,137,12/11/21
54,Camila Cabello,10143963524,2000112566,56,2,23,41,52,12/10/21
55,Farruko,10102532108,5818230057,332,0,28,111,268,11/18/21
56,Lana Del Rey,10075451113,623868924,161,0,28,108,149,12/11/21
57,Jason Derulo,9956052141,648835434,190,0,25,63,129,11/28/21
58,Demi Lovato,9446093141,1252700599,230,0,22,85,184,12/11/21
59,Red Hot Chili Peppers,9334447741,3258877,248,0,15,110,199,12/11/21
60,Nicky Jam,9110416354,7985255132,229,0,27,87,146,10/20/21
61,Arctic Monkeys,9081614398,2252939,133,1,18,85,133,12/11/21
62,Shakira,9009380633,1024105340,231,0,21,84,192,12/11/21
63,Rauw Alejandro,8756392747,1484499289,164,0,27,85,130,12/11/21
64,Martin Garrix,8594539985,78756129,181,1,16,76,144,12/10/21
65,OneRepublic,8567887528,202676848,144,1,25,71,128,12/11/21
66,Miley Cyrus,8388654642,828069994,175,0,16,83,153,12/11/21
67,Michael Jackson,8342778653,504351738,344,1,21,89,233,12/11/21
68,G-Eazy,8298454665,2176159021,224,1,15,110,204,12/02/21
69,Panic! At The Disco,8279658959,606041997,136,1,20,80,128,12/02/21
70,Harry Styles,8202036600,1281794,26,1,23,24,25,12/11/21
71,Pitbull,8182526321,2375302915,381,0,20,79,205,11/29/21
72,Major Lazer,8176520618,559897223,259,3,14,64,169,11/05/21
73,KAROL G,8137704510,484376712,78,1,22,53,73,12/11/21
74,Cardi B,8034758022,5705604717,66,1,16,48,63,12/11/21
75,Ellie Goulding,8024186718,631596545,165,1,16,67,131,12/11/21
76,Charlie Puth,7950962120,203374708,97,3,11,53,84,12/11/21
77,Lil Wayne,7837997240,12343878101,461,0,18,108,295,12/09/21
78,DaBaby,7790464582,4050074917,137,2,14,75,122,12/06/21
79,Wiz Khalifa,7762381404,5190230069,392,1,19,103,285,11/17/21
80,Sebastian Yatra,7739178371,759590398,101,0,26,71,94,12/11/21
81,Young Thug,7702984266,8178762868,351,0,17,120,215,12/09/21
82,Doja Cat,7676334569,1347012971,79,0,18,57,72,12/11/21
83,Logic,7535345993,1770059375,163,1,14,120,161,12/10/21
84,21 Savage,7522867816,4787757330,152,0,17,81,122,12/01/21
85,Migos,7514004214,3157590480,280,0,15,81,182,12/10/21
86,Lil Baby,7447101396,6811001983,165,0,17,108,153,12/11/21
87,Tyga,7399645529,3729570350,295,1,19,96,251,12/08/21
88,Alan Walker,7354379758,1616399695,136,1,16,60,106,10/15/21
89,John Mayer,7334326268,457716455,197,0,16,115,172,11/28/21
90,Fall Out Boy,7314691965,35304467,191,0,15,92,164,09/20/21
91,Metallica,7298533639,3139009,669,0,13,97,260,11/22/21
92,Mac Miller,7287255588,597672981,207,0,16,114,192,12/05/21
93,Diplo,7275258857,1460536064,354,0,21,80,191,09/04/21
94,P!nk,7243481656,531861663,237,0,21,81,159,12/11/21
95,Pop Smoke,7181627376,686094676,97,0,16,79,96,11/28/21
96,DJ Snake,7172104327,1841216494,140,2,10,50,98,12/03/21
97,ZAYN,7169035891,225279687,85,3,14,66,84,12/11/21
98,Sech,7135011726,2332284915,114,0,21,60,100,10/02/21
99,Macklemore,7129997905,79143091,101,1,13,58,93,11/12/21
100,Myke Towers,7121509006,3944838492,159,0,22,87,147,12/08/21
101,Lauv,7067513717,121257497,95,1,20,60,89,12/05/21
102,Lil Peep,7038811669,278004052,100,0,20,84,96,12/08/21
103,Zedd,7021125435,929636878,136,3,13,37,94,12/04/21
104,Little Mix,6984025750,8477165,209,0,18,98,155,12/11/21
105,James Arthur,6982853704,66637130,133,1,13,57,111,11/29/21
106,AC/DC,6978918649,0,309,0,10,77,237,12/11/21
107,Trippie Redd,6720896983,2561853217,185,0,21,114,170,11/30/21
108,A$AP Rocky,6705312924,4634128376,93,0,16,67,87,12/10/21
109,A Boogie Wit da Hoodie,6664545758,2742208214,126,0,15,95,119,12/11/21
110,5 Seconds of Summer,6656052279,480315160,159,1,12,90,156,12/08/21
111,Kodak Black,6633166478,1563883427,211,0,13,80,190,12/06/21
112,Lil Nas X,6625279531,0,33,2,10,29,32,12/10/21
113,NF,6575667497,121325942,81,1,14,81,81,12/09/21
114,Robin Schulz,6455681610,297810977,207,0,14,47,136,09/27/21
115,Justin Timberlake,6436314042,1869330877,170,1,13,65,110,12/11/21
116,Metro Boomin,6431804252,192718304,118,0,14,72,92,12/10/21
117,Bob Marley & The Wailers,6399195763,46834252,587,0,13,73,347,12/08/21
118,Romeo Santos,6397215685,1018090646,125,0,19,77,101,11/24/21
119,Frank Ocean,6385700822,2011665499,45,0,20,45,45,12/08/21
120,Green Day,6385018644,445994,364,0,12,75,294,12/06/21
121,Clean Bandit,6339123268,23119732,154,2,9,37,113,12/11/21
122,DJ Khaled,6306443125,175817766,165,1,13,56,120,11/14/21
123,Elton John,6274964547,289302787,892,0,14,53,236,12/03/21
124,Zara Larsson,6240650873,478197244,83,2,12,42,77,11/25/21
125,Anne-Marie,6164779664,739432999,129,3,10,41,94,12/04/21
126,Gunna,6065474437,3813658829,155,0,12,89,142,11/30/21
127,YoungBoy Never Broke Again,6058872402,899248460,328,0,7,155,291,12/11/21
128,Enrique Iglesias,6058221006,313414152,277,0,13,69,174,12/10/21
129,Bebe Rexha,6055458813,3601266830,116,2,12,52,93,12/09/21
130,Lewis Capaldi,6034290418,0,49,2,9,28,43,11/23/21
131,Luis Miguel,6016848997,1267407,312,0,12,110,264,11/30/21
132,Olivia Rodrigo,6015911228,1530128,37,2,12,21,33,12/11/21
133,Black Eyed Peas,5950385154,68804437,208,0,13,40,122,12/11/21
134,Tiësto,5939391588,1054455192,600,0,13,73,278,10/17/21
135,Pink Floyd,5902871782,0,431,0,11,91,260,12/09/21
136,Flo Rida,5843736425,1538973383,224,0,11,42,94,11/16/21
137,"Tyler, The Creator",5829094962,1133596749,153,0,16,91,109,12/11/21
138,The Rolling Stones,5827355121,5835075,1024,0,12,61,354,12/08/21
139,BLACKPINK,5826234093,462619142,99,0,17,44,99,11/03/21
140,Ty Dolla $ign,5803185635,9330523670,188,0,14,72,153,11/21/21
141,Luis Fonsi,5774015667,367402115,172,2,9,36,114,10/27/21
142,Michael Bublé,5761141060,266281063,223,0,15,86,183,12/01/21
143,Nirvana,5733310352,0,294,1,11,55,234,11/03/21
144,blackbear,5721416033,1209608993,156,0,8,93,136,08/18/21
145,JAY-Z,5712403906,4904984593,304,0,10,70,230,12/06/21
146,Fleetwood Mac,5693028490,511078,766,0,11,42,226,12/04/21
147,SZA,5656093805,1878428140,40,0,15,33,39,12/10/21
148,Machine Gun Kelly,5643558369,828051536,114,0,11,88,105,12/10/21
149,Britney Spears,5637655877,530935675,292,0,16,56,172,11/29/21
150,Russ,5626238782,107258537,352,0,14,101,230,12/10/21
151,Guns N' Roses,5590972837,5049,135,1,10,49,105,12/10/21
152,Reik,5514725655,272712447,165,0,14,68,138,12/05/21
153,$uicideboy$,5506776839,196945538,300,0,9,117,297,12/09/21
154,Bastille,5493132810,143458356,178,1,10,69,141,11/27/21
155,Childish Gambino,5483638712,545287276,85,1,11,62,82,12/02/21
156,Jonas Blue,5467927650,96251650,138,0,9,32,87,05/25/21
157,Skrillex,5353795835,1535736893,145,0,13,69,130,11/24/21
158,Banda MS de Sergio Lizárraga,5351958222,2401371,224,0,15,92,207,11/17/21
159,2Pac,5309744647,292333971,325,0,15,71,238,12/11/21
160,Anitta,5287827072,1164693256,152,0,18,77,139,12/11/21
161,Alessia Cara,5276994940,1507876874,132,1,8,38,77,12/04/21
162,Big Sean,5250622049,5614562355,150,0,13,67,124,12/02/21
163,Kid Cudi,5240305347,1167251236,142,0,10,82,138,12/05/21
164,Usher,5217935844,2875437345,253,0,15,52,162,12/10/21
165,Camilo,5200481062,714430131,37,0,17,33,35,11/26/21
166,Gorillaz,5180848145,1222824,280,0,8,91,194,12/11/21
167,50 Cent,5163441630,2288450960,212,0,13,56,139,12/11/21
168,Lorde,5158186315,265944329,55,0,17,38,50,11/10/21
169,Hozier,5133255535,0,64,1,13,42,61,12/10/21
170,David Bowie,5132061750,29047535,1226,1,11,58,294,11/25/21
171,Mariah Carey,5049896447,337195093,642,1,10,64,234,12/11/21
172,Becky G,5043660602,1237935914,90,0,13,49,87,12/10/21
173,Marília Mendonça,5026831954,1254337439,114,0,17,93,106,12/11/21
174,The Killers,4987731275,289068,206,1,8,66,137,12/09/21
175,Meek Mill,4928405086,1834234909,438,0,7,89,188,12/06/21
176,Foo Fighters,4926287430,2030862,236,0,11,73,163,12/01/21
177,blink-182,4907958107,54145723,184,0,10,85,172,12/10/21
178,French Montana,4873054883,3046541784,555,1,11,50,128,05/26/21
179,Daft Punk,4838949782,2979200775,181,0,9,74,135,12/11/21
180,Polo G,4830111166,1406821258,74,0,11,60,74,12/10/21
181,The Neighbourhood,4828365477,330629,90,1,8,64,90,12/07/21
182,U2,4818042404,264121541,515,0,7,75,285,12/11/21
183,John Legend,4812332192,2212675507,247,1,6,60,184,11/26/21
184,Meghan Trainor,4809032538,944117365,137,0,10,52,107,12/11/21
185,Led Zeppelin,4800603924,100498,240,0,11,62,187,12/10/21
186,Tory Lanez,4792221603,2099200775,216,0,13,76,183,09/24/21
187,Ava Max,4781128088,185231981,96,1,11,33,67,12/11/21
188,Luke Combs,4762530786,128149487,56,0,11,54,56,11/27/21
189,Manuel Turizo,4755790182,2010950960,60,0,15,42,58,12/09/21
190,Rita Ora,4729994978,684931341,126,0,12,38,83,12/11/21
191,Rae Sremmurd,4720854642,510345125,60,0,12,41,59,11/10/21
192,Gucci Mane,4691690724,4740027796,2174,0,5,76,300,11/26/21
193,The Kid LAROI,4687732837,638470509,48,1,13,38,46,12/11/21
194,Mumford & Sons,4684057891,15237689,121,0,9,66,109,11/27/21
195,6ix9ine,4678847304,1027809520,58,0,16,36,53,11/30/21
196,The 1975,4673855721,138955833,132,0,11,75,129,12/05/21
197,Jhay Cortez,4638887559,694698866,80,1,8,41,78,12/06/21
198,Roddy Ricch,4614191499,2839475375,40,1,14,31,39,12/07/21
199,Radiohead,4606932323,1724914,232,0,6,88,196,12/08/21
200,System Of A Down,4589981950,415621,83,0,9,67,78,12/11/21
201,Elvis Presley,4556138766,4776424,2222,0,8,69,348,12/01/21
202,Muse,4502940211,0,242,0,10,81,175,11/16/21
203,The Notorious B.I.G.,4494593598,601725879,178,0,10,52,121,12/08/21
204,Joji,4470165878,602818690,51,0,14,41,51,11/01/21
205,Swae Lee,4470055992,5105441098,58,1,10,31,54,11/16/21
206,Jack Johnson,4464351377,26277507,180,0,6,76,164,10/01/21
207,Snoop Dogg,4460564183,4141814667,700,0,9,54,248,11/24/21
208,Jorge & Mateus,4454217373,978927622,254,0,8,88,240,12/04/21
209,Hailee Steinfeld,4447177191,598885413,29,1,10,18,27,12/06/21
210,Bazzi,4391026336,58360988,37,0,12,32,37,10/08/21
211,Paramore,4341520675,0,113,0,10,66,99,12/08/21
212,Oasis,4340213937,0,221,1,7,48,171,11/03/21
213,Don Omar,4318078752,1691524573,231,0,12,50,117,12/05/21
214,Jess Glynne,4314528793,457175950,83,0,10,32,60,11/15/21
215,Troye Sivan,4300151688,806908118,100,0,10,51,82,12/08/21
216,Slipknot,4289731788,27204,206,0,7,65,173,12/10/21
217,Bon Jovi,4275647102,1240734,324,0,9,36,175,12/11/21
218,Julia Michaels,4273123714,1560632856,64,0,7,38,62,12/09/21
219,Cheat Codes,4244935054,279211217,136,0,7,39,82,11/08/21
220,Christina Aguilera,4241448432,2256893623,272,0,9,52,158,11/01/21
221,Felix Jaehn,4220719529,227877670,156,1,11,33,88,09/04/21
222,Fifth Harmony,4216739300,248797896,75,1,7,46,74,12/11/21
223,Frank Sinatra,4203662945,54954665,1860,0,9,69,299,06/25/21
224,Florida Georgia Line,4201025117,2284782382,113,0,14,64,98,12/06/21
225,Dalex,4186642628,1185939131,124,0,11,42,88,12/07/21
226,Disclosure,4184709087,23287083,181,0,7,52,119,10/18/21
227,Tame Impala,4163406957,139753701,94,0,9,56,82,12/02/21
228,Chance the Rapper,4149379084,3416830782,101,0,11,47,84,11/25/21
229,Playboi Carti,4117239167,1467399768,82,0,9,62,71,12/11/21
230,Melanie Martinez,4114890390,3123527,55,0,14,42,54,12/11/21
231,Tove Lo,4109177564,1278346335,134,1,5,59,103,12/04/21
232,Alicia Keys,4100477992,1157156956,248,0,7,53,163,12/11/21
233,Kings of Leon,4098066782,1359186,121,0,5,65,106,11/07/21
234,Megan Thee Stallion,4097017208,990021157,115,0,10,41,92,12/11/21
235,Jason Mraz,4070160018,91135185,237,1,6,46,152,12/11/21
236,The Script,4060987097,1291384,94,0,7,50,84,12/04/21
237,Christian Nodal,4032167250,307144760,58,0,11,48,58,11/30/21
238,6LACK,4029378010,760292768,74,0,10,59,74,11/22/21
239,Natti Natasha,4018531179,1654452263,73,0,9,42,64,12/10/21
240,The Lumineers,3983713331,0,72,0,8,47,66,09/23/21
241,Luke Bryan,3976979274,367135310,158,0,12,62,130,09/16/21
242,Zion & Lennox,3972787863,2664955655,156,0,11,44,87,10/15/21
243,Five Finger Death Punch,3970173481,0,136,0,8,88,132,10/09/21
244,Florence + The Machine,3961977386,232615,133,0,8,76,123,11/24/21
245,Glee Cast,3961138810,0,723,0,0,93,598,11/23/21
246,Alesso,3946369610,156063156,114,0,9,36,84,10/31/21
247,ABBA,3942391805,26805,160,0,9,49,137,12/08/21
248,Paulo Londra,3917862818,101241392,22,0,12,22,22,12/11/21
249,Galantis,3910699069,73960701,227,0,8,45,144,11/27/21
250,Creedence Clearwater Revival,3908566322,0,130,0,8,32,106,12/04/21
251,Bruce Springsteen,3899035656,34144792,783,0,9,55,372,12/11/21
252,Lil Pump,3892597912,471316996,69,0,10,38,53,12/11/21
253,Gusttavo Lima,3887014495,726507977,276,0,6,94,209,12/04/21
254,Nickelback,3874882681,0,148,0,12,53,104,11/20/21
255,Madonna,3871109098,122816528,705,0,7,66,312,12/11/21
256,Zé Neto & Cristiano,3866057801,426770407,164,0,10,76,140,12/04/21
257,Kehlani,3852845661,1827067427,110,0,9,74,96,12/03/21
258,Whitney Houston,3846001978,11260811,293,0,7,36,138,12/11/21
259,Rammstein,3825457144,3449237,228,0,9,75,170,12/03/21
260,Capital Bra,3805365577,598075481,236,0,7,79,183,12/03/21
261,Bryson Tiller,3805089974,1769175773,68,0,7,48,62,11/25/21
262,My Chemical Romance,3799817530,20439375,135,0,10,53,115,12/10/21
263,Niall Horan,3799272392,344375558,70,0,11,38,64,11/09/21
264,Justin Quiles,3796788470,3301910411,155,0,10,60,120,09/25/21
265,Alok,3787680615,213631873,181,0,11,60,110,11/19/21
266,Arcangel,3779094925,4392328855,274,0,7,54,186,12/04/21
267,Lenny Tavárez,3762970986,3123977863,89,0,9,44,81,12/10/21
268,Ne-Yo,3761944355,1793601060,188,0,10,32,128,10/06/21
269,Morat,3746712970,352050248,69,0,8,56,67,12/09/21
270,Kane Brown,3722088164,22813517,91,0,9,52,82,10/17/21
271,NAV,3694868800,1786124981,113,0,10,67,113,12/06/21
272,Piso 21,3685044883,54983912,74,0,11,27,60,05/26/21
273,James Bay,3683055400,3957421,77,0,8,40,67,12/07/21
274,TWICE,3677145317,29377618,193,0,9,70,172,12/11/21
275,Kelly Clarkson,3670570548,201639917,322,0,8,41,142,12/11/21
276,Vance Joy,3651676809,0,70,1,6,35,53,11/20/21
277,Bring Me The Horizon,3611721920,1904979,134,0,9,61,122,12/11/21
278,Avril Lavigne,3600230216,19803053,134,0,9,52,101,12/11/21
279,Aerosmith,3588258846,7456190,283,0,8,30,148,12/05/21
280,Jennifer Lopez,3581875175,975260083,228,0,9,47,118,12/11/21
281,Morgan Wallen,3575728445,341797512,57,0,11,56,56,12/10/21
282,Stevie Wonder,3575598246,249502819,588,0,8,46,150,11/25/21
283,Thomas Rhett,3570841348,196189924,93,0,13,50,93,09/28/21
284,Labrinth,3567683826,326316513,125,0,10,37,90,06/03/21
285,YG,3551013571,2246418959,194,0,8,63,130,09/03/21
286,Henrique & Juliano,3549520949,688545267,148,0,8,93,141,08/31/21
287,Jonas Brothers,3530341248,456924413,93,0,8,35,86,09/22/21
288,Amy Winehouse,3520224136,218537603,157,0,7,50,90,12/11/21
289,Wisin,3520148199,4992869607,114,0,10,38,95,10/12/21
290,Disturbed,3507099735,1976285,170,0,6,65,144,09/16/21
291,Lil Skies,3503418663,721118353,51,0,7,44,51,12/06/21
292,Kevin Gates,3495948086,546381469,266,0,4,92,206,05/07/21
293,Ryan Lewis,3486320761,0,33,1,6,28,32,06/04/21
294,YNW Melly,3482724243,313558596,80,0,9,32,77,11/17/21
295,Flume,3477893543,72525427,125,0,7,51,117,09/07/21
296,Tones And I,3462882347,724639,29,1,4,13,20,11/23/21
297,Backstreet Boys,3430763372,162164268,134,0,8,38,123,12/11/21
298,Maná,3378676179,44027654,217,0,10,50,147,11/11/21
299,Lil Tecca,3371204008,242805587,72,0,8,37,70,12/08/21
300,Lil Tjay,3370094718,1573111288,65,0,8,46,60,12/08/21
301,Miguel,3369113836,1902566777,136,0,5,46,109,09/03/21
302,Hans Zimmer,3368679488,70151456,1422,0,3,72,475,09/26/21
303,Kesha,3335375992,1684992669,139,0,8,38,104,12/01/21
304,Alejandro Fernández,3328449536,266300006,289,0,6,62,211,08/05/21
305,Fetty Wap,3321899161,1492928236,118,0,7,36,69,01/07/21
306,Sean Paul,3304701344,3146217843,373,0,10,36,128,01/05/21
307,Jason Aldean,3291955683,134000156,151,0,8,60,133,11/22/21
308,Matheus & Kauan,3276687815,573786475,159,0,8,71,148,12/04/21
309,Phil Collins,3274839081,106240761,330,0,8,35,142,11/27/21
310,Wisin & Yandel,3270926458,899916309,288,0,10,47,130,10/11/21
311,Three Days Grace,3261090493,621183,85,0,8,55,83,12/11/21
312,Yandel,3252007610,2319895199,173,0,8,51,140,09/28/21
313,Billy Joel,3241797506,7879983,409,0,9,35,136,11/23/21
314,Akon,3241561193,2920098433,199,0,8,34,111,12/11/21
315,Prince Royce,3235569247,1261528518,122,0,8,52,112,11/02/21
316,Steve Aoki,3228090914,1297146988,389,0,6,60,202,10/17/21
317,Eagles,3218527228,15628097,177,0,5,38,112,12/10/21
318,Nio Garcia,3216363995,111020985,118,0,7,27,86,11/04/21
319,Jeremih,3211536876,2897368856,123,0,8,33,91,09/19/21
320,Dr. Dre,3198481391,1794542559,85,0,7,29,77,08/26/21
321,Lil Mosey,3196887786,422920012,44,0,5,33,44,12/06/21
322,Dan + Shay,3195200426,22520503,71,0,7,40,65,10/28/21
323,Wesley Safadão,3188770461,560394974,270,0,4,57,244,12/04/21
324,benny blanco,3186982545,14322962,20,1,6,12,19,12/09/21
325,Why Don't We,3153762831,86038587,92,0,10,53,82,08/08/21
326,The Strokes,3152733948,2215693,82,0,6,63,73,12/04/21
327,Seeb,3148225045,13599416,85,1,6,24,56,01/04/21
328,Jessie J,3141481637,58351166,118,0,6,32,96,11/16/21
329,Alejandro Sanz,3135713462,504040481,369,0,6,51,202,12/04/21
330,George Ezra,3134491990,35557,59,0,6,34,52,09/03/21
331,Trey Songz,3127237601,1305091205,266,0,5,56,183,12/11/21
332,CNCO,3090655464,221681498,78,0,5,42,68,12/11/21
333,Pearl Jam,3089500881,1253096,399,0,7,47,226,03/19/21
334,Jack Harlow,3088691251,209228289,81,0,6,25,75,12/02/21
335,Céline Dion,3086495319,45068425,493,0,5,52,242,12/11/21
336,Duki,3083353897,747071317,130,0,7,49,118,12/11/21
337,Ricardo Arjona,3075562508,8147144,345,0,2,68,262,11/26/21
338,Johnny Cash,3068093371,100275517,1561,0,6,47,219,01/04/21
339,Mark Ronson,3066439062,1105229004,151,1,4,23,82,11/17/21
340,Ricky Martin,3060445447,392654000,265,0,6,49,132,12/11/21
341,Passenger,3047211461,1798813,216,1,2,44,177,09/29/21
342,Lizzo,3044839773,49724849,64,0,6,25,49,11/17/21
343,Aventura,3039952691,272099,132,0,10,37,107,11/07/21
344,Jul,3025086179,886398852,545,0,0,66,497,12/10/21
345,H.E.R.,3015172827,383237883,99,0,6,52,91,12/08/21
346,Lin-Manuel Miranda,3014041417,189578224,85,0,9,37,59,08/16/21
347,Pentatonix,3006637322,3987140,198,0,2,92,174,12/10/21
348,Lukas Graham,3005994250,158206429,60,1,3,25,49,09/21/21
349,Avenged Sevenfold,2994656347,1889849,164,0,8,59,129,07/01/21
350,Bob Dylan,2994431200,0,1305,0,6,41,310,12/10/21
351,Cartel De Santa,2984117699,179459480,136,0,6,60,126,11/30/21
352,The Offspring,2981916869,0,160,0,7,41,122,08/19/21
353,Pablo Alborán,2977900754,202108974,170,0,8,59,157,12/06/21
354,Calibre 50,2975507786,68901346,227,0,5,66,165,12/10/21
355,24kGoldn,2970355093,122554204,53,1,6,18,47,10/28/21
356,Marc Anthony,2966471828,1572392987,188,0,6,56,136,11/24/21
357,Train,2953135246,0,170,0,6,20,83,10/09/21
358,2 Chainz,2952016003,7707211391,391,0,7,48,156,06/03/21
359,James Blunt,2929950641,16745353,169,0,6,42,105,11/25/21
360,Quavo,2920827954,9510044842,77,0,6,43,64,12/02/21
361,Foster The People,2914530104,28653784,90,1,6,36,68,09/03/21
362,ScHoolboy Q,2878619690,1304426537,103,0,7,50,98,01/19/21
363,Don Toliver,2874224589,568881935,66,0,5,28,58,11/30/21
364,Ninho,2865951818,1293872762,148,0,3,86,128,12/10/21
365,Dire Straits,2847781735,3341955,102,0,5,43,97,12/10/21
366,Daniel Caesar,2844617347,961532352,36,0,6,32,35,10/17/21
367,Rudimental,2844040533,19915054,188,0,6,30,112,08/28/21
368,Anderson .Paak,2841287578,1139551366,146,0,3,67,114,12/06/21
369,Lil Yachty,2828394787,4327359058,175,0,6,50,146,11/05/21
370,Bryan Adams,2815142154,132635608,352,0,6,33,123,12/04/21
371,Macklemore & Ryan Lewis,2803083548,0,35,1,5,18,35,01/02/21
372,Armin van Buuren,2795922270,189205318,2179,0,4,43,288,09/04/21
373,Liam Payne,2794308620,16438244,51,0,7,16,39,12/11/21
374,Offset,2790184693,5196209851,47,0,7,28,35,12/07/21
375,Bee Gees,2771347009,51222634,447,0,5,33,104,12/11/21
376,Bon Iver,2756547170,743238757,59,0,5,47,55,08/07/21
377,Nelly,2755444945,623647681,208,0,8,27,89,11/07/21
378,Sam Hunt,2747992556,16649604,59,0,7,31,54,09/03/21
379,Sigala,2741489245,49758671,100,0,9,28,67,10/18/21
380,BROCKHAMPTON,2740219449,0,112,0,4,67,107,12/01/21
381,LANY,2727557847,258547114,84,0,8,56,77,11/21/21
382,Glass Animals,2725334048,3282966,93,0,4,42,74,11/01/21
383,Charli XCX,2725084016,1267568300,191,0,8,41,129,12/05/21
384,Jhené Aiko,2721680063,2334546307,113,0,7,62,91,11/29/21
385,Blake Shelton,2715791980,211227557,198,0,7,41,124,11/30/21
386,Carlos Vives,2710438334,197166979,260,0,5,35,139,11/29/21
387,Ski Mask The Slump God,2710014009,933185185,70,0,7,39,69,11/02/21
388,Mike Posner,2708013483,270284739,179,1,3,19,69,12/09/21
389,ILLENIUM,2700194502,144782864,199,0,4,54,143,12/02/21
390,The Black Keys,2690447344,35810,188,0,5,51,135,12/08/21
391,Lil Durk,2688528712,2121864003,302,0,2,48,215,12/06/21
392,Arijit Singh,2678542360,551936173,467,0,1,66,212,11/23/21
393,Alec Benjamin,2671165226,1768648,34,0,5,29,33,11/22/21
394,The Police,2668391894,66984,123,1,5,17,83,11/30/21
395,Zac Brown Band,2665284207,9980501,135,0,5,45,105,09/16/21
396,Dean Lewis,2664770895,1590904,37,1,6,21,34,10/05/21
397,Jeremy Zucker,2657586274,132164307,96,0,6,32,81,10/24/21
398,The Vamps,2656516116,0,148,0,8,33,114,10/18/21
399,Danny Ocean,2649837521,166229414,48,1,4,21,32,12/03/21
400,Cage The Elephant,2645765503,2257395,108,0,5,39,83,11/02/21
401,Iron Maiden,2643265636,0,425,0,5,45,265,12/05/21
402,Skillet,2627998295,49346,185,0,7,46,108,11/21/21
403,Birdy,2617930431,81953020,105,0,7,38,86,12/11/21
404,PARTYNEXTDOOR,2612063990,1653897950,78,0,8,45,77,08/01/21
405,R3HAB,2599363557,1031797301,278,0,3,60,177,04/01/21
406,Juanes,2586704257,1781134400,201,0,7,33,114,11/26/21
407,A$AP Ferg,2581454063,1289205780,97,0,5,45,90,11/21/21
408,The Doors,2568847040,23363568,669,0,7,45,133,12/06/21
409,Maren Morris,2561997404,487404479,58,1,5,22,48,11/22/21
410,Maiara & Maraisa,2550146955,647354486,149,0,6,52,143,12/09/21
411,Marvin Gaye,2542567834,31697491,725,0,6,23,103,06/14/21
412,Carly Rae Jepsen,2540501888,60231645,137,0,5,31,98,11/30/21
413,Soda Stereo,2537780058,7890,198,0,4,46,172,12/07/21
414,Bradley Cooper,2531920802,362095,12,1,4,10,10,12/03/21
415,Boyce Avenue,2527510203,172556,414,0,0,59,325,03/09/21
416,Lost Frequencies,2526122879,249791580,343,0,6,26,105,09/16/21
417,RAF Camora,2520550970,852853446,334,0,3,57,141,12/03/21
418,Madison Beer,2518427780,126393455,52,0,10,26,45,12/07/21
419,Måneskin,2511373346,2945778,31,0,4,25,29,12/11/21
420,Korn,2505750539,8296205,285,0,4,46,194,11/27/21
421,T.I.,2505264423,2375139213,452,0,6,37,199,10/11/21
422,Summer Walker,2495842083,835638965,86,0,6,48,73,12/11/21
423,Chris Stapleton,2489597830,535263079,60,0,7,43,57,11/21/21
424,Tim McGraw,2487273067,57458469,265,0,5,50,125,09/04/21
425,Mabel,2479954806,4881596,122,0,6,21,71,11/25/21
426,ROSALÍA,2479661182,1554829278,37,0,5,27,37,12/11/21
427,Rise Against,2477579916,2529,171,0,4,46,157,06/30/21
428,Calum Scott,2474162397,29436766,61,0,6,19,48,11/18/21
429,John Williams,2473267821,12238904,2125,0,2,27,321,04/25/21
430,Iggy Azalea,2470680121,1036620766,108,0,6,27,67,12/06/21
431,Conan Gray,2466212724,0,25,0,3,24,25,12/10/21
432,Juan Gabriel,2457281425,58237000,479,0,1,56,227,11/24/21
433,Lunay,2457122199,749062675,54,0,6,28,50,11/27/21
434,Bibi Blocksberg,2454680653,76626,5166,0,0,1,367,10/09/21
435,Mau y Ricky,2449094717,232947793,60,0,5,30,57,10/26/21
436,Eric Church,2449054342,258711103,250,0,4,49,115,11/12/21
437,Noah Cyrus,2447127631,111933514,64,0,6,26,57,12/05/21
438,SAINt JHN,2446549724,113874585,54,1,1,30,52,10/25/21
439,alt-J,2432389757,748988,133,0,6,36,84,02/07/21
440,Os Barões Da Pisadinha,2421905259,48375201,147,0,6,62,122,12/04/21
441,Norah Jones,2421230754,118417742,269,0,4,54,139,12/08/21
442,Weezer,2410637605,4330558,252,0,4,41,186,09/11/21
443,Destiny's Child,2410298750,16530733,166,0,7,18,84,12/06/21
444,Jesse & Joy,2399590727,311338905,108,0,9,37,87,12/03/21
445,EXO,2395581936,0,310,0,6,53,159,12/10/21
446,Rich The Kid,2394040011,1720811383,156,0,4,41,118,11/21/21
447,Nick Jonas,2391622288,49934337,95,0,8,26,73,10/12/21
448,Paul McCartney,2387355407,365715787,817,0,3,24,167,12/08/21
449,The Cure,2386064850,1105177,516,0,5,23,164,10/17/21
450,Hillsong Worship,2382405691,13420180,830,0,1,59,273,04/17/21
451,Journey,2379474809,3468,260,1,5,17,82,09/04/21
452,Kenny Chesney,2379335824,130548443,277,0,3,48,178,09/16/21
453,La Arrolladora Banda El Limón De Rene Camacho,2377937424,8659502,323,0,3,56,219,03/29/21
454,Los Ángeles Azules,2372052568,67465206,311,0,5,53,113,10/19/21
455,Normani,2368578112,97312126,15,0,3,12,14,12/06/21
456,NLE Choppa,2365240577,502210759,105,0,5,34,84,12/06/21
457,Aminé,2363546104,140623992,72,0,4,38,71,12/01/21
458,Rex Orange County,2362465362,278794678,46,0,6,31,38,07/05/21
459,Bonez MC,2361288245,1463079488,159,0,4,52,110,12/03/21
460,Simon & Garfunkel,2359326937,0,172,0,5,24,119,11/25/21
461,Depeche Mode,2355904531,363241,661,0,3,39,258,11/30/21
462,Volbeat,2347117595,174891,193,0,5,50,141,11/27/21
463,Christina Perri,2341249118,79506668,90,1,3,16,53,12/11/21
464,MAGIC!,2336632865,192399336,66,0,3,17,53,01/13/21
465,The xx,2334576947,7809950,75,0,5,36,65,08/23/21
466,X Ambassadors,2333488761,1110121969,119,0,4,32,87,11/01/21
467,PNL,2330931645,0,72,0,1,65,72,12/04/21
468,Ufo361,2330899001,576731159,233,0,0,66,187,12/04/21
469,Bizarrap,2324275266,385763984,78,0,5,51,74,12/03/21
470,Sam Feldt,2316428982,278689842,148,0,4,44,101,04/22/21
471,JP Cooper,2313756992,41450367,110,0,4,26,78,03/29/21
472,Jon Bellion,2309740533,295021535,85,0,3,44,80,09/21/21
473,Breaking Benjamin,2306063405,0,102,0,3,51,97,10/28/21
474,The Beach Boys,2301236628,6857648,1352,0,7,25,131,12/04/21
475,Eric Clapton,2297376676,432236066,641,0,6,23,201,09/22/21
476,iann dior,2296968920,162741711,45,0,5,27,42,03/30/21
477,Kid Ink,2294713265,2561501342,186,0,5,38,130,09/03/21
478,Becky Hill,2289419718,25614697,164,0,7,21,64,10/20/21
479,MEDUZA,2278364238,9103231,45,0,4,10,28,10/26/21
480,George Michael,2269916659,26390005,190,0,3,31,119,12/11/21
481,Dimitri Vegas & Like Mike,2269766636,105236190,252,0,2,52,135,08/12/21
482,MARINA,2266856230,6532240,114,0,5,50,90,12/11/21
483,The Game,2260760226,519652828,727,0,6,36,198,10/30/21
484,Jimi Hendrix,2257961337,430092,503,0,5,28,134,11/27/21
485,KYLE,2251419392,146826489,102,0,5,29,86,12/03/21
486,Grey,2237009771,17803531,52,1,2,7,21,03/29/21
487,AJR,2229775743,92176747,86,0,5,35,61,10/13/21
488,Tate McRae,2226347878,3531277,39,0,5,24,37,12/11/21
489,Outkast,2220310296,77417373,163,0,4,23,120,01/03/21
490,Matoma,2218870898,286156543,113,0,5,29,76,05/14/21
491,B.o.B,2216408358,1126272007,417,0,6,22,79,10/13/21
492,Samra,2215292639,248937810,104,0,3,51,104,12/03/21
493,Vicente Fernández,2214227768,86921682,852,0,0,49,299,12/11/21
494,Hillsong UNITED,2213882439,117014211,345,0,2,55,221,07/06/21
495,Sabrina Carpenter,2212958841,139429191,86,0,6,36,74,10/15/21
496,R.E.M.,2212595321,93512,555,0,5,18,121,11/12/21
497,Imanbek,2202218740,17589546,49,1,1,15,35,10/09/21
498,Jax Jones,2198370899,286794203,60,0,8,16,40,04/27/21
499,The Fray,2197544356,4086680,98,0,5,22,60,11/01/21
500,Grupo Firme,2191890136,405824912,199,0,5,48,121,12/10/21
501,Papa Roach,2186301108,29615688,219,0,3,33,136,04/03/21
502,Rick Ross,2185132256,4451513119,320,0,4,41,182,09/23/21
503,KHEA,2175771162,747127589,72,0,5,39,69,12/03/21
504,T-Pain,2174064184,2648920275,209,0,6,28,108,10/25/21
505,Kali Uchis,2165990630,1291282441,64,0,3,48,60,12/09/21
506,bbno$,2162043311,208808519,143,0,2,35,114,11/21/21
507,Lynyrd Skynyrd,2160509000,277694,361,0,4,15,75,12/10/21
508,DNCE,2154397216,288985200,31,1,4,17,30,09/03/21
509,Milky Chance,2153672895,6155489,57,0,4,28,54,10/29/21
510,Robbie Williams,2150770809,18579742,395,0,5,36,189,10/20/21
511,Shinedown,2140450322,12562221,174,0,4,48,112,11/24/21
512,Rag'n'Bone Man,2139559897,71286582,129,0,3,27,76,10/14/21
513,Van Morrison,2137718521,71743471,842,0,4,19,123,10/23/21
514,Andy Grammer,2136333905,4619672,76,0,5,26,70,12/11/21
515,Years & Years,2136276288,71667883,87,0,7,28,65,07/18/21
516,Juan Magán,2132723236,770831049,225,0,5,40,105,07/19/21
517,Stormzy,2132107611,901352007,69,0,5,48,67,10/19/21
518,Of Monsters and Men,2118301290,3042587,60,0,5,28,52,11/11/21
519,Ludovico Einaudi,2116061503,2128695,507,0,3,38,221,06/29/21
520,The Smiths,2108147370,139334,143,0,5,42,107,11/27/21
521,Keith Urban,2101360520,313101546,192,0,6,34,111,11/07/21
522,Hollywood Undead,2089253005,12917755,138,0,3,66,124,10/24/21
523,Aya Nakamura,2086240186,133181784,67,0,5,32,67,12/11/21
524,Daryl Hall & John Oates,2085197121,25877,518,0,4,12,60,11/20/21
525,Black Sabbath,2082526278,12361422,285,0,3,31,114,12/07/21
526,Kodaline,2081665811,266091130,123,0,4,31,84,12/09/21
527,The Cranberries,2078075509,2592891,263,0,4,19,115,11/19/21
528,All Time Low,2076356282,909165,209,0,2,46,158,08/31/21
529,PnB Rock,2067956562,1634089922,97,0,5,34,85,10/30/21
530,Rage Against The Machine,2062437666,444029,109,0,3,29,78,10/14/21
531,GIMS,2059425846,258300714,175,0,2,45,149,12/02/21
532,Brytiago,2051767485,1765174794,76,0,5,34,68,11/23/21
533,Sublime,2050727942,120272,219,0,5,26,115,11/18/21
534,"Earth, Wind & Fire",2049724576,74980903,419,0,3,19,64,09/01/21
535,Melendi,2046601132,115392561,214,0,2,51,192,12/10/21
536,Sfera Ebbasta,2045667781,1016851125,81,0,0,56,80,12/04/21
537,Prince,2044715069,3276165,825,0,4,29,166,12/09/21
538,Axwell /\ Ingrosso,2043412175,2161352,47,0,4,17,38,07/03/21
539,A Day To Remember,2034046038,0,133,0,3,53,124,08/30/21
540,C. Tangana,2031656575,141707779,77,0,5,42,75,12/06/21
541,TOTO,2027598148,2940202,394,1,3,10,75,06/20/21
542,Rels B,2026937993,16906675,91,0,2,54,88,05/26/21
543,Aretha Franklin,2018915458,12687287,925,0,4,27,131,12/11/21
544,Enya,2018831367,408810511,144,0,3,50,127,12/04/21
545,Sabaton,2017275638,990829,280,0,0,67,153,12/06/21
546,MGMT,2016545392,836172737,86,0,4,20,60,11/03/21
547,Rod Stewart,2013864010,433256540,673,0,4,36,206,12/11/21
548,Carrie Underwood,2009384292,340720729,157,0,3,36,111,12/09/21
549,Damso,1995305854,583863668,92,0,1,69,89,12/10/21
550,Don Diablo,1994189382,100923748,238,0,1,56,125,11/03/21
551,Dermot Kennedy,1989932199,0,65,0,4,34,55,09/05/21
552,Nelly Furtado,1986908116,240489616,211,0,6,13,56,12/10/21
553,The White Stripes,1982166424,0,172,0,3,18,108,09/11/21
554,Scorpions,1980827575,1628754,344,0,5,16,139,06/21/21
555,ODESZA,1980615898,114604652,157,0,2,48,124,09/04/21
556,Evanescence,1968152472,26126,109,0,3,26,90,11/15/21
557,Bibi und Tina,1951141273,22746305,3428,0,0,1,354,10/09/21
558,George Strait,1950225073,27378857,444,0,2,43,194,11/08/21
559,Mustard,1949734790,1671534288,74,0,4,17,53,09/03/21
560,Tainy,1946553010,1251603662,39,0,3,13,29,10/01/21
561,Pedro Capó,1944751418,125128429,69,0,3,11,41,07/25/21
562,Luciano,1942248023,346398056,148,0,0,57,118,12/03/21
563,Bryant Myers,1938711275,1857271122,97,0,4,44,87,11/14/21
564,Stray Kids,1937456639,22017978,114,0,3,64,107,12/11/21
565,El Alfa,1936293752,394695018,171,0,5,35,110,07/17/21
566,Marilyn Manson,1936197602,49558870,227,0,3,32,172,12/07/21
567,Van Halen,1935463127,23824,188,0,4,24,108,08/09/21
568,Sum 41,1931599937,5170717,127,0,5,30,96,12/11/21
569,WALK THE MOON,1928606850,99430411,89,1,3,24,51,09/23/21
570,Shaggy,1925456469,446282356,409,0,5,21,94,09/02/21
571,Astrid S,1916877794,119296192,101,0,4,35,78,12/04/21
572,gnash,1915854995,271054469,76,1,2,23,60,09/03/21
573,Joyner Lucas,1913515933,670249725,86,0,5,34,80,12/08/21
574,Colbie Caillat,1910650551,108101224,105,0,3,18,90,12/03/21
575,Nacho,1909861548,123482621,111,0,6,24,52,11/04/21
576,Hardwell,1904378051,239216545,412,0,0,45,157,09/04/21
577,Kontra K,1904257145,186214476,291,0,0,51,170,12/03/21
578,Ozzy Osbourne,1902349747,55625170,218,0,3,22,122,11/20/21
579,Jorja Smith,1901473395,403907364,71,0,4,38,62,11/24/21
580,RAYE,1883119037,530953195,84,0,4,23,52,12/03/21
581,Clairo,1880747172,622929412,25,0,7,25,25,11/26/21
582,Two Door Cinema Club,1875524020,1802459,135,0,4,29,88,10/01/21
583,Noriel,1873865176,1213780774,88,0,4,36,80,11/10/21
584,Carlos Rivera,1873483972,437377632,204,0,3,37,140,10/26/21
585,R. Kelly,1872424216,377914860,363,0,2,27,198,12/07/21
586,Sido,1859254960,473003167,362,0,2,41,176,12/03/21
587,Louis Tomlinson,1858729710,0,42,0,4,19,28,12/10/21
588,Mac DeMarco,1858140582,41504498,158,0,4,43,111,08/23/21
589,3 Doors Down,1855326422,587256,145,0,3,17,102,10/30/21
590,Desiigner,1852061331,520531469,51,1,2,14,40,11/21/21
591,David Bisbal,1848348106,345590731,246,0,3,30,122,12/04/21
592,Ella Mai,1846702210,279339801,37,0,5,32,36,10/15/21
593,Sara Bareilles,1846574683,74016418,187,0,5,22,108,11/05/21
594,Arizona Zervas,1842426067,16427395,30,1,2,14,30,11/22/21
595,De La Ghetto,1839686676,2016862956,146,0,4,34,88,09/11/21
596,Alan Jackson,1834172525,75453285,274,0,2,37,156,11/21/21
597,Jay Wheeler,1830809877,382959236,104,0,2,28,78,12/07/21
598,Dave,1829989579,100469085,58,0,4,39,58,10/18/21
599,Ali Gatie,1828589230,2004084,38,0,4,19,34,10/27/21
600,KISS,1827390409,0,436,0,4,18,138,11/24/21
601,Fergie,1824083843,176011407,78,0,6,10,45,10/15/21
602,Red Velvet,1822831586,11819764,118,0,5,25,103,12/11/21
603,José José,1819408635,110812739,448,0,1,46,164,09/29/21
604,Luan Santana,1819090452,226293277,197,0,3,36,151,12/04/21
605,Bethel Music,1817317476,0,285,0,0,43,240,09/30/21
606,Cali Y El Dandee,1807094119,165763977,60,0,5,28,52,02/19/21
607,TINI,1802563964,241360688,67,0,5,29,58,12/11/21
608,Rascal Flatts,1799864611,49788758,227,0,4,26,114,09/02/21
609,Jaden,1797223538,1309766537,110,0,2,37,94,11/14/21
610,Gotye,1788466941,4367557,56,0,2,9,25,02/07/21
611,Vampire Weekend,1788416615,0,74,0,2,45,67,11/17/21
612,M83,1782992339,14879546,238,0,2,20,111,11/26/21
613,The Clash,1777564972,0,236,0,3,22,92,11/07/21
614,Aloe Blacc,1775884212,229455652,208,0,4,21,64,11/21/21
615,Apache 207,1773193968,114759520,46,0,4,33,43,12/03/21
616,Marco Antonio Solís,1772036257,585715407,210,0,3,37,153,11/19/21
617,Ms. Lauryn Hill,1771091283,281629726,89,0,5,24,56,11/18/21
618,Rod Wave,1768977459,45376681,111,0,3,45,107,11/22/21
619,Pharrell Williams,1766465545,5770037882,109,0,2,21,59,12/09/21
620,Jessie Reyez,1766165665,459720608,61,0,3,25,54,11/03/21
621,OMI,1765777327,119271377,43,1,2,7,26,10/16/21
622,Willy William,1764613431,325335993,81,1,3,11,27,12/02/21
623,MØ,1761472850,3191790440,112,0,4,29,78,10/20/21
624,SEVENTEEN,1759770407,1630775,135,0,1,51,126,12/11/21
625,MC Kevinho,1759208143,252393656,59,0,3,31,49,06/21/21
626,Kacey Musgraves,1757620718,116575510,126,0,3,37,90,12/07/21
627,Natanael Cano,1755400283,168147358,116,0,3,38,107,12/02/21
628,The Smashing Pumpkins,1751426436,0,418,0,5,23,130,10/08/21
629,Stefflon Don,1747116518,301319490,76,0,6,20,59,11/21/21
630,Joey Bada$$,1738277747,649525855,111,0,3,44,90,11/15/21
631,Westlife,1736491477,21239,230,0,3,36,142,12/01/21
632,Goodboys,1733504326,3127165,38,0,3,7,15,07/13/21
633,Limp Bizkit,1729420743,2809309,114,0,5,21,93,02/22/21
634,Danna Paola,1728298147,50325592,103,0,5,29,66,12/11/21
635,Joel Corry,1727811323,14348295,134,0,5,10,47,11/07/21
636,Olly Murs,1726980106,27167789,142,0,4,23,102,12/06/21
637,DMX,1723678744,232812181,300,0,4,22,93,12/10/21
638,Joan Sebastian,1722021223,0,470,0,2,32,188,10/31/20
639,Annie Lennox,1720968638,7891814,322,0,3,20,78,10/08/21
640,Mike WiLL Made-It,1719563002,238152584,135,0,5,27,68,05/08/21
641,Sleeping At Last,1715283824,90559,275,0,3,37,162,07/30/21
642,Tom Odell,1712455024,41497248,125,0,3,23,72,11/18/21
643,Thirty Seconds To Mars,1711915432,45274414,83,0,4,32,74,09/16/21
644,The Kooks,1709760603,0,230,0,5,27,94,07/19/21
645,Lord Huron,1706099834,0,75,0,3,20,66,09/25/21
646,Leon Bridges,1705965071,180835227,70,0,3,35,68,11/05/21
647,Nekfeu,1704601377,435566360,95,0,0,64,88,12/02/21
648,Portugal. The Man,1704124466,40958424,170,0,1,25,86,02/22/21
649,Ha*Ash,1699634291,398723218,125,0,3,37,90,11/30/21
650,Lofi Fruits Music,1690425100,110241102,1087,0,0,15,448,09/06/21
651,El Fantasma,1689393864,43098880,183,0,2,47,136,08/18/21
652,Loud Luxury,1688216803,44501635,129,0,2,21,42,09/04/21
653,Snow Patrol,1686701694,88965,191,0,2,22,97,11/07/21
654,Trevor Daniel,1684760342,162409345,48,1,2,12,43,11/07/21
655,Santana,1682972727,3307046,614,0,4,24,127,11/23/21
656,Keane,1675260458,576623,194,0,2,23,104,11/01/21
657,Ciara,1675151924,427887839,154,0,4,23,86,12/04/21
658,Booba,1673099041,626994595,238,0,0,48,189,12/02/21
659,The Who,1671018602,0,852,0,6,14,91,12/11/21
660,Calle 13,1662465310,101517310,81,0,4,32,76,11/17/21
661,Michael Silverman,1660294072,202368,934,0,0,45,224,02/26/21
662,Charlie Brown Jr.,1658184473,35913063,278,0,1,31,172,12/02/21
663,Topic,1653586230,5769890,80,0,2,16,45,08/12/21
664,Queens of the Stone Age,1653412930,0,142,0,2,39,106,07/11/21
665,Owl City,1651691885,83245272,109,0,2,25,101,08/18/21
666,Wham!,1646661893,810835,36,0,2,9,28,12/03/21
667,Gerardo Ortiz,1642590276,411753848,233,0,1,36,170,02/12/21
668,Swedish House Mafia,1641850031,1825989,36,0,5,16,30,10/18/21
669,Bruno & Marrone,1641516050,214399361,412,0,1,36,193,12/04/21
670,Mötley Crüe,1641119261,0,226,0,4,22,87,12/05/21
671,Dierks Bentley,1641067921,151851446,149,0,4,24,85,09/02/21
672,Blueface,1637721785,526398289,92,0,4,26,71,11/28/21
673,Ben Howard,1637484586,463674,60,0,4,27,50,10/23/21
674,Thalia,1635443386,278072015,306,0,2,29,125,12/10/21
675,Gwen Stefani,1634211395,938851707,98,0,4,17,66,12/11/21
676,Moneybagg Yo,1634135129,860173671,252,0,0,40,181,10/22/21
677,Bill Withers,1631535919,68337863,118,0,4,10,62,11/27/21
678,Kelly Rowland,1628739740,661225693,173,0,4,17,68,01/22/21
679,Afrojack,1628200244,1395253007,305,0,2,32,121,05/02/21
680,CHVRCHES,1626727352,5161890,119,0,2,31,85,12/07/21
681,Niska,1626437153,549636654,109,0,1,44,106,12/02/21
682,Incubus,1624593194,0,229,0,3,28,128,09/02/21
683,Gryffin,1624514140,414715959,120,0,6,24,72,04/23/21
684,League of Legends,1623566460,881398845,452,0,3,24,97,12/11/21
685,ANAVITÓRIA,1621500808,220322625,72,0,3,38,68,12/09/21
686,MAX,1621199905,167174319,138,0,4,26,76,10/19/21
687,Elevation Worship,1620461758,12831641,240,0,1,34,169,10/01/21
688,Powfu,1617907608,107941893,66,1,1,12,62,09/03/21
689,Dilsinho,1617530876,334022009,145,0,3,31,121,12/04/21
690,Tee Grizzley,1617436989,139751443,129,0,3,24,109,05/12/21
691,Lil Dicky,1616460233,114899323,22,0,5,16,22,09/03/21
692,Chief Keef,1614052564,519905496,541,0,4,24,171,11/21/21
693,Yo Gotti,1612651009,1174641342,479,0,2,27,130,07/04/21
694,Los Tigres Del Norte,1612543190,141929772,629,0,0,34,233,09/06/21
695,The Jackson 5,1610908712,2179441,344,0,4,12,47,12/11/21
696,Gigi D'Agostino,1607853514,811917,423,1,2,7,29,07/02/21
697,La Oreja de Van Gogh,1604731207,56855566,182,0,2,35,161,10/26/21
698,Leona Lewis,1603796560,48326370,133,0,4,17,74,12/10/21
699,Cosculluela,1602713772,854087172,125,0,4,23,82,02/15/21
700,Aitana,1597886526,4622426,67,0,5,26,65,12/11/21
701,John Lennon,1593730862,5619348,351,0,3,20,81,12/09/21
702,Quinn XCII,1592676323,0,69,0,3,41,69,11/14/20
703,TKKG,1590067517,0,4763,0,0,0,28,01/02/21
704,Beret,1586857502,43424522,48,0,3,40,47,10/04/21
705,Kollegah,1584591974,94663622,551,0,0,39,289,10/14/21
706,Sting,1583487112,229100135,484,0,3,21,189,12/01/21
707,Frédéric Chopin,1580987576,1163362,9790,0,0,20,229,08/06/21
708,Denzel Curry,1580430466,432222853,117,0,2,40,90,12/10/21
709,Wale,1580208020,1154717634,238,0,3,33,130,01/05/21
710,Darell,1574554327,4304120013,126,0,4,29,87,11/17/21
711,Summer Cem,1573975905,304963253,196,0,2,35,118,12/03/21
712,Conor Maynard,1573210113,290548203,128,0,3,37,81,07/10/21
713,Daya,1567388316,1974448643,43,0,4,17,38,10/21/21
714,Zoé,1566169419,8309495,188,0,3,38,109,01/29/21
715,fun.,1563903413,179922,26,0,3,16,25,09/22/21
716,Miranda Lambert,1563479884,176097384,192,0,2,29,151,12/11/21
717,Yung Gravy,1560336653,9378234,72,0,3,29,69,11/21/21
718,Old Dominion,1558080029,2210265,74,0,6,25,51,09/03/21
719,Lady A,1553890200,123565129,220,0,2,24,120,09/03/21
720,Gente De Zona,1552539697,1252561307,111,0,3,20,76,09/23/21
721,Taio Cruz,1550632393,24092972,94,0,4,14,41,11/05/21
722,Martin Jensen,1550508031,248746085,68,0,3,19,41,01/11/21
723,Mon Laferte,1547162428,279279056,137,0,4,29,109,12/09/21
724,Nas,1546917718,652936327,302,0,2,32,163,01/06/21
725,Ezhel,1544625864,157982994,60,0,0,45,56,12/05/21
726,Die drei !!!,1543605722,23498439,2798,0,0,0,58,10/09/21
727,Guaynaa,1541206062,88976740,60,0,5,16,39,11/06/21
728,Stromae,1539741163,58219617,46,0,4,23,36,12/02/21
729,Roxette,1538768953,300748,408,0,3,18,89,12/01/21
730,Sufjan Stevens,1537720483,30503692,388,0,1,26,170,08/07/21
731,girl in red,1535740599,4086899,29,0,5,20,29,12/08/21
732,Casper Magico,1532557006,158823124,80,0,2,17,54,01/02/21
733,Gera MX,1529770887,367609370,160,0,1,42,136,12/11/21
734,Arcade Fire,1527258745,0,103,0,3,44,82,10/22/21
735,Saweetie,1526631959,368953306,64,0,4,23,52,12/08/21
736,Maria Becerra,1521365994,265490720,32,0,2,21,32,12/11/21
737,AJ Tracey,1519957902,127208628,98,0,4,28,83,10/27/21
738,Lee Brice,1514026248,12190065,94,0,6,14,65,09/03/21
739,Shania Twain,1512124431,183783908,166,0,4,22,94,12/04/21
740,Jack Ü,1509853886,912261,32,0,3,10,30,12/26/20
741,Felipe Araújo,1507060178,144991670,97,0,5,18,64,09/03/21
742,Los Temerarios,1506116154,112477,322,0,0,48,129,12/02/21
743,Wolfgang Amadeus Mozart,1499926731,4517918,12276,0,0,15,216,12/10/21
744,Jon Pardi,1499010236,127763624,64,0,4,18,47,12/11/21
745,The Pussycat Dolls,1495427167,20067111,54,0,4,14,40,10/10/21
746,Ice Cube,1494097969,176529482,265,0,3,20,145,01/28/21
747,Brent Faiyaz,1492522771,652511980,47,0,4,28,47,12/08/21
748,Neil Young,1492248289,17581131,856,0,3,22,131,09/02/21
749,Paul Simon,1490036511,68021453,429,0,3,20,104,10/06/21
750,Kevin Roldan,1489016332,399120073,126,0,2,29,89,06/11/21
751,Internet Money,1487270931,240760241,40,0,3,10,23,09/08/21
752,The National,1481830520,68728009,209,0,1,43,137,10/07/21
753,Bullet For My Valentine,1479980833,27792,172,0,2,37,94,11/06/21
754,Sean Kingston,1478550000,131894349,127,0,5,16,44,09/25/21
755,Kylie Minogue,1477995451,110906747,877,0,2,31,159,12/06/21
756,Kiiara,1474960265,273631190,71,0,3,18,35,12/09/21
757,Martin Solveig,1474236399,1215667,247,0,5,16,60,02/12/21
758,MKTO,1469541117,10444447,29,0,1,14,28,09/03/21
759,Simple Plan,1468658373,1825700,119,0,4,29,88,11/19/21
760,Chencho Corleone,1468631678,838444976,18,0,5,13,17,12/02/21
761,Sade,1465116399,1328723,112,0,4,33,104,12/10/21
762,KSI,1464984108,24459778,114,0,0,37,85,11/03/21
763,Banda El Recodo,1464524587,1277033,550,0,1,36,155,02/24/21
764,Feid,1463041012,1948133051,118,0,2,28,81,12/03/21
765,*NSYNC,1462731436,19898855,92,0,5,15,70,12/11/21
766,Yusuf / Cat Stevens,1461402233,15764014,325,0,3,18,64,10/22/21
767,Yellow Claw,1460222344,76991831,238,0,2,30,115,07/09/21
768,Nat King Cole,1459023413,6746115,1088,0,2,25,103,09/02/21
769,Chayanne,1458798729,106591871,235,0,2,25,91,08/31/21
770,Ferrugem,1451970050,261221335,150,0,1,33,111,12/04/21
771,Bea Miller,1449673508,1004179775,42,0,4,23,42,12/06/21
772,Plan B,1448270585,0,62,0,4,19,52,11/15/20
773,Lionel Richie,1447451297,46509966,268,0,5,17,69,10/22/21
774,Rich Brian,1447341716,497700612,54,0,4,35,53,12/11/21
775,Brad Paisley,1444090352,54065740,233,0,1,34,126,11/05/21
776,John Newman,1439605622,331748009,82,0,3,12,53,03/24/21
777,Nina Simone,1438858558,15465627,546,0,2,22,124,10/06/21
778,Jowell & Randy,1437376703,749282863,171,0,3,23,88,11/22/21
779,Granular,1434614692,0,432,0,2,19,69,03/05/21
780,will.i.am,1433088634,1873458305,99,0,4,14,42,11/13/21
781,Nipsey Hussle,1430729695,226102540,282,0,2,30,135,08/09/21
782,Alex Rose,1427992828,417963769,61,0,3,24,56,07/07/21
783,Greeicy,1426348413,42828745,53,0,5,27,47,12/11/21
784,Chelsea Cutler,1426164636,432991241,78,0,3,28,65,07/16/21
785,DJ Luian,1425231812,1986428348,52,0,4,15,41,02/22/21
786,CRO,1424238338,152020970,143,0,1,34,117,12/03/21
787,Electric Light Orchestra,1422261000,22736509,235,0,3,16,111,01/04/21
788,DENNIS,1419916276,117580197,305,0,4,30,120,06/20/21
789,Natalia Lafourcade,1418040225,781127916,174,0,3,28,113,11/11/21
790,Lily Allen,1416696030,279853586,114,0,3,22,78,08/15/21
791,Tech N9ne,1413659255,538028931,451,0,0,27,219,10/08/21
792,Dido,1413615592,4999295,196,0,3,14,80,12/08/21
793,KALEO,1411975390,26463,27,0,3,17,25,11/22/21
794,Mambo Kingz,1409982433,1796968260,36,0,5,11,14,02/26/21
795,Baby Lullaby Academy,1409215562,30122083,2087,0,0,52,164,09/22/21
796,Dolly Parton,1408501618,121299239,948,0,3,13,124,12/31/20
797,deadmau5,1406999842,88245746,433,0,1,27,188,07/24/21
798,Tears For Fears,1404503819,2309988,209,0,2,11,55,12/11/21
799,Oh Wonder,1399959459,586287924,68,0,5,30,58,11/16/21
800,Olivia O'Brien,1398911084,1343271188,52,0,3,20,41,12/01/21
801,Brett Young,1398473369,15239416,60,0,4,18,40,11/20/21
802,The Goo Goo Dolls,1396855854,279713,248,0,2,13,69,03/23/21
803,Tina Turner,1395242823,20830418,241,0,5,15,74,12/07/21
804,Tracy Chapman,1395108953,75841079,102,0,4,14,85,11/18/21
805,Kris Kross Amsterdam,1394452332,10578924,42,0,2,13,25,12/06/21
806,Jay Chou,1394403171,20862440,297,0,0,45,162,04/02/21
807,Audioslave,1393917487,0,58,0,5,16,46,12/11/21
808,Cyndi Lauper,1393100436,5320431,218,0,3,7,31,12/07/21
809,Mike Perry,1392920550,0,32,0,2,17,31,11/14/20
810,Tom Walker,1391545813,90387030,82,0,3,20,54,09/20/21
811,Selena,1388089592,2186459,132,0,4,23,86,12/09/21
812,Ghostemane,1384997008,53311906,139,0,2,32,102,10/19/21
813,Pineapple StormTv,1383658587,129382125,205,0,3,26,96,12/04/21
814,Lil Kleine,1380252088,317300514,106,0,0,41,88,12/06/21
815,Ruth B.,1379219593,4223091,44,0,3,12,30,10/18/21
816,Mr. Probz,1378183383,227072647,36,0,2,11,30,09/03/21
817,Cigarettes After Sex,1378174690,2126632,30,0,3,28,30,10/17/21
818,Luísa Sonza,1374877669,1788568,60,0,3,28,48,12/07/21
819,James TW,1370209304,0,30,0,3,18,30,11/14/20
820,Sofía Reyes,1370086767,205184284,48,0,2,18,38,12/11/21
821,IU,1369033154,60474383,159,0,2,28,84,12/09/21
822,YUNGBLUD,1367258954,366326991,77,0,2,32,60,10/17/21
823,Lenny Kravitz,1367222317,53202361,268,0,4,19,96,11/24/21
824,WILLOW,1359346820,219761080,75,0,3,14,67,12/01/21
825,Dennis Lloyd,1359049478,0,33,0,2,17,29,06/20/21
826,Willie Nelson,1357834751,211167459,1494,0,3,21,128,09/02/21
827,Río Roma,1357476383,91319071,102,0,3,30,81,12/07/21
828,Blur,1357293563,16885,354,0,2,18,86,11/26/21
829,Lalo Ebratt,1355512932,54847249,44,0,6,14,34,01/22/21
830,Angus & Julia Stone,1354613988,0,153,0,3,26,88,11/14/20
831,Gavin James,1353919817,52147623,105,0,3,26,80,02/19/21
832,Bing Crosby,1353425915,9003222,1203,0,2,23,68,01/05/21
833,ZZ Top,1351878319,98305,247,0,3,14,92,11/27/21
834,Natiruts,1351518170,18787586,211,0,1,36,152,12/04/21
835,Alina Baraz,1351392126,27177076,76,0,3,26,63,11/24/21
836,LUDMILLA,1347598863,362133638,135,0,0,33,114,11/24/21
837,Will Smith,1346736771,29772595,86,0,4,15,45,10/27/21
838,Dadju,1342296409,415193548,90,0,1,34,89,12/02/21
839,Jack & Jack,1333223893,43745345,44,0,2,15,42,08/30/21
840,Surfaces,1332266175,0,64,0,1,16,50,09/03/21
841,TLC,1328054372,207291587,173,0,3,9,50,12/03/21
842,Jeezy,1327116650,1246803557,599,0,1,26,179,08/29/21
843,Oliver Tree,1325146275,38047893,48,0,3,25,45,11/13/21
844,Timbaland,1322725516,1814889610,164,0,4,15,61,12/10/21
845,Tori Kelly,1322151136,457938392,97,0,3,23,72,11/27/21
846,Sasha Alex Sloan,1320381690,323190663,41,0,3,28,40,12/11/21
847,Gustavo Mioto,1317266450,68520551,89,0,4,26,65,12/04/21
848,Jasmine Thompson,1317231334,0,108,0,3,35,83,11/05/20
849,Maggie Lindemann,1316666325,2328791,25,0,2,13,25,12/11/21
850,Capo Plaza,1316146114,634214397,67,0,1,37,60,12/04/21
851,Lil Xan,1315933907,15365065,76,0,3,17,57,11/23/21
852,NCT 127,1312840406,41200707,122,0,0,37,95,12/08/21
853,Spice Girls,1311825737,619669,106,0,2,11,36,12/10/21
854,Thiaguinho,1311765041,166121439,248,0,0,43,179,12/04/21
855,Cher,1308763204,12260228,397,0,2,17,67,12/07/21
856,Alvaro Soler,1307458976,26316017,90,0,2,16,60,10/09/21
857,Ella Fitzgerald,1306751857,11252389,1952,0,1,19,138,12/27/20
858,Salmo,1301786637,573557738,149,0,1,30,93,12/07/21
859,Lupe Fiasco,1296058560,223273708,168,0,3,18,118,10/27/21
860,Genesis,1295454874,658083,354,0,2,25,139,01/07/21
861,Sin Bandera,1294370986,78541133,114,0,4,21,81,02/09/21
862,Eladio Carrion,1292336279,167582058,111,0,3,28,96,11/18/21
863,Beck,1290565531,81854837,289,0,1,26,138,11/26/21
864,Mary J. Blige,1289394631,1819034323,368,0,2,26,130,10/03/21
865,Brantley Gilbert,1288253176,100016251,112,0,2,30,82,09/03/21
866,Melim,1286791870,50445393,84,0,2,31,64,12/04/21
867,Ramin Djawadi,1286775894,12413030,885,0,0,26,244,02/26/21
868,Johann Sebastian Bach,1285784532,998222,13624,0,0,13,172,12/10/21
869,Louis Armstrong,1285502051,12982577,1476,0,3,18,109,01/04/21
870,Snakehips,1284895360,87512393,64,0,3,17,45,02/27/21
871,TOMORROW X TOGETHER,1284603005,0,58,0,1,35,54,12/11/21
872,Bruno Martini,1284419429,17263864,94,0,2,15,33,10/07/21
873,Counting Crows,1282259086,4093539,192,0,3,12,68,11/24/21
874,Oliver Heldens,1281119368,0,127,0,3,26,78,11/14/20
875,The All-American Rejects,1281016068,0,86,0,4,8,61,12/11/21
876,Skepta,1280472588,1177727240,146,0,1,31,105,08/24/21
877,NEFFEX,1280094835,0,156,0,2,27,139,05/14/21
878,Deftones,1279504423,560400,139,0,2,30,118,11/11/21
879,Andrea Bocelli,1278707389,54470325,484,0,2,25,160,11/27/21
880,Dean Martin,1271240189,5961006,586,0,1,17,107,01/03/21
881,The Head And The Heart,1271155866,0,77,0,3,21,64,07/30/21
882,Mitski,1271069570,15266344,66,0,3,29,61,12/10/21
883,Benjamin Blümchen,1270296618,2187805,5668,0,0,2,41,10/09/21
884,Lykke Li,1267977654,88501825,96,0,2,24,69,09/20/21
885,MC Kevin o Chris,1265026634,308354254,170,0,3,26,91,10/30/21
886,Tinie Tempah,1264492695,429042133,127,0,3,21,63,09/03/21
887,Bunbury,1264052572,153201830,408,0,1,22,181,11/18/21
888,Chase Atlantic,1262783947,7662044,71,0,3,27,69,12/08/21
889,Los Enanitos Verdes,1260653189,5203278,180,0,3,17,85,12/02/21
890,Lil Jon,1259193098,1536589891,142,0,3,15,49,09/02/21
891,Gemitaiz,1258723714,588494136,160,0,0,34,122,12/04/21
892,Toby Keith,1257439909,18017157,292,0,3,21,84,09/02/21
893,Vince Staples,1256181440,513459766,82,0,2,26,75,10/27/21
894,Lauren Daigle,1254131254,150419068,67,0,1,32,60,09/03/21
895,ZHU,1253093333,45485295,104,0,2,30,77,09/07/21
896,Diego & Victor Hugo,1251117804,10309060,117,0,5,19,76,12/04/21
897,Pabllo Vittar,1251015215,283745265,93,0,2,31,67,12/10/21
898,Juicy J,1250538324,2951000597,334,0,2,27,85,12/30/20
899,Dynoro,1249862868,0,14,0,1,7,13,11/17/20
900,Alice In Chains,1249120364,191722,137,0,2,24,100,12/31/20
901,Chris Young,1247645486,0,92,0,3,20,68,11/14/20
902,Pixies,1246079885,449443,749,0,3,15,97,11/27/21
903,Gustavo Cerati,1244552421,161088257,160,0,1,29,103,08/31/21
904,Simone & Simaria,1244396119,211298169,114,0,4,20,76,12/04/21
905,Frenna,1244134617,321896243,145,0,0,39,108,12/06/21
906,Salaam Remi,1244052119,274416805,174,1,1,2,10,08/05/21
907,Tungevaag,1241073021,1371087,62,0,4,24,39,05/14/21
908,Los Bukis,1238840274,6645445,245,0,0,43,100,09/24/21
909,Matuê,1238573226,196793118,30,0,2,26,29,12/04/21
910,Kina,1237030469,2962492,31,0,2,9,21,05/29/21
911,Foreigner,1234280579,273983,295,0,4,11,55,11/27/21
912,Hungria Hip Hop,1233176813,69096039,63,0,1,37,59,12/04/21
913,The Score,1232564626,979362,60,0,2,25,57,10/28/21
914,RIN,1232099577,58932273,76,0,1,31,67,12/08/21
915,KC Rebell,1231160950,312127837,249,0,0,32,119,12/03/21
916,Seether,1230727184,116581,169,0,3,23,103,12/27/20
917,Max Richter,1225348164,33749,904,0,0,18,161,02/26/21
918,Ruel,1224402990,50335165,43,0,3,19,32,12/10/21
919,Showtek,1223338892,66492313,247,0,2,19,69,02/26/21
920,Craig David,1222681022,82078053,162,0,1,19,88,11/08/21
921,Cash Cash,1222618389,88365145,133,0,3,22,63,02/26/21
922,SCH,1222453727,528534836,111,0,0,42,110,12/02/21
923,Dustin Lynch,1221975887,8764477,75,0,3,15,62,11/13/21
924,Timmy Trumpet,1221086680,73893196,149,0,1,25,81,02/26/21
925,Intocable,1220814315,17782991,304,0,2,29,163,06/27/21
926,BØRNS,1218774629,16653608,44,0,2,17,40,06/24/21
927,Megadeth,1218753185,0,421,0,1,19,174,11/30/21
928,Supertramp,1218664114,30706,119,0,3,16,81,10/13/21
929,HONNE,1218435951,14439375,122,0,1,28,84,12/05/21
930,a-ha,1218091808,11723,350,0,1,10,65,01/03/21
931,A Tribe Called Quest,1217610616,2194254,172,0,1,31,108,10/25/21
932,Foals,1216570455,1312972,163,0,2,31,76,11/03/21
933,Gloria Trevi,1216203193,135420882,271,0,0,29,119,12/11/21
934,Alanis Morissette,1215339527,202357,295,0,3,16,100,11/24/21
935,Daughtry,1215090026,1852975,123,0,2,19,91,10/04/21
936,Death Cab for Cutie,1212468637,31167040,218,0,1,29,116,11/22/21
937,AWOLNATION,1212368781,24910582,116,0,1,19,68,07/10/21
938,Dominic Fike,1211886669,97477865,28,0,2,17,28,10/23/21
939,Camila,1210015690,45300205,98,0,3,20,69,02/26/21
940,Evaluna Montaner,1204717174,112346369,45,0,3,6,24,12/09/21
941,ONE OK ROCK,1204641686,1962049,116,0,0,37,107,12/01/21
942,Eurythmics,1203980927,11433188,216,0,1,11,38,12/11/21
943,Otis Redding,1202718503,96674731,273,0,2,16,85,12/17/20
944,A R I Z O N A,1202055144,70458524,61,0,2,21,48,09/10/21
945,Jacquees,1202013471,240482349,142,0,2,19,101,07/29/21
946,Petit Biscuit,1199615143,18677227,84,0,1,20,51,04/07/21
947,Pink Sweat$,1198674458,44764741,49,0,2,20,44,11/16/21
948,AURORA,1197891083,325745812,83,0,1,25,60,12/03/21
949,Ultimo,1197569139,70193309,62,0,0,32,62,12/04/21
950,Emeli Sandé,1194737638,545104417,146,0,3,18,76,02/26/21
951,Official HIGE DANdism,1191972244,87319,125,0,3,21,61,12/01/21
952,Dave Matthews Band,1191228948,12494077,976,0,1,23,151,10/27/21
953,Jake Owen,1189060122,30523629,90,0,2,16,71,09/03/21
954,Burna Boy,1188869983,1364055906,155,0,3,29,83,12/11/21
955,Wu-Tang Clan,1187400020,11075579,347,0,1,16,119,06/19/21
956,Kelsea Ballerini,1187278832,562440183,74,0,1,22,59,11/28/21
957,Missy Elliott,1183433606,1152793513,135,0,4,20,60,10/04/21
958,Junior H,1183278031,191748760,79,0,3,28,76,11/23/21
959,Hombres G,1183145643,57363159,275,0,2,15,112,11/02/21
960,Grouplove,1180340182,3672342,110,0,2,15,66,07/22/21
961,Laura Pausini,1180293317,257510365,432,0,0,23,161,12/04/21
962,Ben&Ben,1176413032,14421493,53,0,3,23,47,12/08/21
963,Canserbero,1175408543,12124328,90,0,1,30,82,11/18/21
964,Ricardo Montaner,1175168679,147732275,284,0,1,24,87,11/04/21
965,Sam Cooke,1172537664,384104,356,0,3,11,73,09/15/21
966,Brett Eldredge,1171883417,0,92,0,3,17,65,11/26/21
967,Beastie Boys,1170723253,631275,293,0,3,17,145,02/11/21
968,Talking Heads,1170559958,0,173,0,3,18,94,08/24/21
969,EDEN,1170391433,22272425,56,0,3,23,55,11/24/21
970,Tyler Childers,1170132899,20084044,61,0,2,33,57,12/01/21
971,Leonard Cohen,1169977076,2912425,379,0,0,29,181,10/29/21
972,Regard,1169696729,0,31,0,2,4,16,03/29/21
973,Lindsey Stirling,1169635748,226214184,104,0,0,42,99,12/04/21
974,Ludacris,1169259865,3205955574,204,0,0,24,107,03/30/21
975,Darius Rucker,1165685238,38686020,101,0,2,14,75,12/08/21
976,Cole Swindell,1163691710,7146457,77,0,2,19,64,10/14/21
977,The Temptations,1162727326,52421883,703,0,2,10,54,06/20/21
978,Eros Ramazzotti,1161978419,21467647,418,0,2,23,145,12/04/21
979,Banda Los Recoditos,1159835788,11518962,233,0,2,23,111,02/26/21
980,Micro TDH,1158968852,32911846,58,0,1,12,48,11/16/21
981,Grateful Dead,1157947195,0,3119,0,0,16,132,10/14/21
982,Aleman,1157713801,332240105,145,0,2,26,117,12/10/21
983,Kungs,1157042297,11911282,27,0,1,9,25,04/03/21
984,Stone Sour,1154389161,209472,137,0,3,16,102,06/28/21
985,Chicago,1149745919,4922,668,0,3,10,54,11/28/21
986,A Great Big World,1149467420,17754505,63,0,1,12,33,11/06/21
987,BIGBANG,1148192862,1054,379,0,1,21,53,12/08/21
988,Two Feet,1147628660,20047600,38,0,3,17,35,02/26/21
989,Gzuz,1147239935,1530758381,84,0,0,34,82,12/03/21
990,La Adictiva Banda San José de Mesillas,1145624117,31641132,87,0,2,23,59,02/26/21
991,beabadoobee,1145182474,4643526,52,0,1,6,35,02/26/21
992,Icona Pop,1144480058,189837410,113,0,2,16,55,05/03/21
993,Empire of the Sun,1144142649,91503429,108,0,3,10,52,06/30/21
994,Moby,1139611531,209309702,770,0,1,19,147,12/24/20
995,Nicki Nicole,1139260957,239409734,39,0,2,22,38,12/09/21
996,Santa Fe Klan,1139107691,330424178,188,0,1,30,105,11/23/21
997,MadeinTYO,1138903625,452976749,81,0,4,16,56,05/07/21
998,Famous Dex,1138688989,150148632,149,0,2,9,57,05/05/21
999,No Doubt,1138598831,273764,120,0,2,13,53,12/11/21
1000,Mc Livinho,1137463548,75678639,136,0,2,23,78,12/04/21
